Code,Site,Year,Type,Dups,PCB,Flag,Concentration
MERY1N,MERY,1993,n,NA,PCB_8_5,TRUE,2
MERY1N,MERY,1993,n,NA,PCB_18_15,TRUE,2
MERY1N,MERY,1993,n,NA,PCB_28,TRUE,2
MERY1N,MERY,1993,n,NA,PCB_29,TRUE,2
MERY1N,MERY,1993,n,NA,PCB_44,TRUE,2
MERY1N,MERY,1993,n,NA,PCB_50,TRUE,2
MERY1N,MERY,1993,n,NA,PCB_52,TRUE,2
MERY1N,MERY,1993,n,NA,PCB_66_95,FALSE,2.2
MERY1N,MERY,1993,n,NA,PCB_77,TRUE,2
MERY1N,MERY,1993,n,NA,PCB_87,TRUE,2
MERY1N,MERY,1993,n,NA,PCB_101_90,FALSE,2.9
MERY1N,MERY,1993,n,NA,PCB_105,TRUE,2
MERY1N,MERY,1993,n,NA,PCB_118,TRUE,2
MERY1N,MERY,1993,n,NA,PCB_126,TRUE,2
MERY1N,MERY,1993,n,NA,PCB_128,TRUE,2
MERY1N,MERY,1993,n,NA,PCB_138,FALSE,5.9
MERY1N,MERY,1993,n,NA,PCB_153_132,FALSE,8.6
MERY1N,MERY,1993,n,NA,PCB_169,TRUE,2
MERY1N,MERY,1993,n,NA,PCB_170_190,TRUE,2
MERY1N,MERY,1993,n,NA,PCB_180,TRUE,2
MERY1N,MERY,1993,n,NA,PCB_187,TRUE,2
MERY1N,MERY,1993,n,NA,PCB_195_208,TRUE,2
MERY1N,MERY,1993,n,NA,PCB_206,TRUE,2
MERY1N,MERY,1993,n,NA,PCB_209,TRUE,2
MERY1N,MERY,1993,n,NA,Total,FALSE,20
MERY2N,MERY,1993,n,NA,PCB_8_5,TRUE,2
MERY2N,MERY,1993,n,NA,PCB_18_15,TRUE,2
MERY2N,MERY,1993,n,NA,PCB_28,TRUE,2
MERY2N,MERY,1993,n,NA,PCB_29,TRUE,2
MERY2N,MERY,1993,n,NA,PCB_44,TRUE,2
MERY2N,MERY,1993,n,NA,PCB_50,TRUE,2
MERY2N,MERY,1993,n,NA,PCB_52,TRUE,2
MERY2N,MERY,1993,n,NA,PCB_66_95,TRUE,2
MERY2N,MERY,1993,n,NA,PCB_77,TRUE,2
MERY2N,MERY,1993,n,NA,PCB_87,TRUE,2
MERY2N,MERY,1993,n,NA,PCB_101_90,TRUE,2
MERY2N,MERY,1993,n,NA,PCB_105,TRUE,2
MERY2N,MERY,1993,n,NA,PCB_118,TRUE,2
MERY2N,MERY,1993,n,NA,PCB_126,TRUE,2
MERY2N,MERY,1993,n,NA,PCB_128,TRUE,2
MERY2N,MERY,1993,n,NA,PCB_138,TRUE,2
MERY2N,MERY,1993,n,NA,PCB_153_132,FALSE,3.2
MERY2N,MERY,1993,n,NA,PCB_169,TRUE,2
MERY2N,MERY,1993,n,NA,PCB_170_190,TRUE,2
MERY2N,MERY,1993,n,NA,PCB_180,TRUE,2
MERY2N,MERY,1993,n,NA,PCB_187,TRUE,2
MERY2N,MERY,1993,n,NA,PCB_195_208,TRUE,2
MERY2N,MERY,1993,n,NA,PCB_206,TRUE,2
MERY2N,MERY,1993,n,NA,PCB_209,TRUE,2
MERY2N,MERY,1993,n,NA,Total,FALSE,3.2
MERY3N,MERY,1993,n,NA,PCB_8_5,TRUE,2
MERY3N,MERY,1993,n,NA,PCB_18_15,TRUE,2
MERY3N,MERY,1993,n,NA,PCB_28,TRUE,2
MERY3N,MERY,1993,n,NA,PCB_29,TRUE,2
MERY3N,MERY,1993,n,NA,PCB_44,TRUE,2
MERY3N,MERY,1993,n,NA,PCB_50,TRUE,2
MERY3N,MERY,1993,n,NA,PCB_52,TRUE,2
MERY3N,MERY,1993,n,NA,PCB_66_95,TRUE,2
MERY3N,MERY,1993,n,NA,PCB_77,TRUE,2
MERY3N,MERY,1993,n,NA,PCB_87,TRUE,2
MERY3N,MERY,1993,n,NA,PCB_101_90,TRUE,2
MERY3N,MERY,1993,n,NA,PCB_105,TRUE,2
MERY3N,MERY,1993,n,NA,PCB_118,TRUE,2
MERY3N,MERY,1993,n,NA,PCB_126,TRUE,2
MERY3N,MERY,1993,n,NA,PCB_128,TRUE,2
MERY3N,MERY,1993,n,NA,PCB_138,FALSE,5.5
MERY3N,MERY,1993,n,NA,PCB_153_132,FALSE,9.6
MERY3N,MERY,1993,n,NA,PCB_169,TRUE,2
MERY3N,MERY,1993,n,NA,PCB_170_190,TRUE,2
MERY3N,MERY,1993,n,NA,PCB_180,TRUE,2
MERY3N,MERY,1993,n,NA,PCB_187,TRUE,2
MERY3N,MERY,1993,n,NA,PCB_195_208,FALSE,2.1
MERY3N,MERY,1993,n,NA,PCB_206,TRUE,2
MERY3N,MERY,1993,n,NA,PCB_209,TRUE,2
MERY3N,MERY,1993,n,NA,Total,FALSE,17
MERY1N,MERY,1993,n,NA,PCB_8_5,TRUE,2
MERY1N,MERY,1993,n,NA,PCB_18_15,TRUE,2
MERY1N,MERY,1993,n,NA,PCB_28,TRUE,2
MERY1N,MERY,1993,n,NA,PCB_29,TRUE,2
MERY1N,MERY,1993,n,NA,PCB_44,TRUE,2
MERY1N,MERY,1993,n,NA,PCB_50,TRUE,2
MERY1N,MERY,1993,n,NA,PCB_52,TRUE,2
MERY1N,MERY,1993,n,NA,PCB_66_95,FALSE,2.2
MERY1N,MERY,1993,n,NA,PCB_77,TRUE,2
MERY1N,MERY,1993,n,NA,PCB_87,TRUE,2
MERY1N,MERY,1993,n,NA,PCB_101_90,FALSE,2.9
MERY1N,MERY,1993,n,NA,PCB_105,TRUE,2
MERY1N,MERY,1993,n,NA,PCB_118,TRUE,2
MERY1N,MERY,1993,n,NA,PCB_126,TRUE,2
MERY1N,MERY,1993,n,NA,PCB_128,TRUE,2
MERY1N,MERY,1993,n,NA,PCB_138,FALSE,5.9
MERY1N,MERY,1993,n,NA,PCB_153_132,FALSE,8.6
MERY1N,MERY,1993,n,NA,PCB_169,TRUE,2
MERY1N,MERY,1993,n,NA,PCB_170_190,TRUE,2
MERY1N,MERY,1993,n,NA,PCB_180,TRUE,2
MERY1N,MERY,1993,n,NA,PCB_187,TRUE,2
MERY1N,MERY,1993,n,NA,PCB_195_208,TRUE,2
MERY1N,MERY,1993,n,NA,PCB_206,TRUE,2
MERY1N,MERY,1993,n,NA,PCB_209,TRUE,2
MERY1N,MERY,1993,n,NA,Total,FALSE,20
MERY2N,MERY,1993,n,NA,PCB_8_5,TRUE,2
MERY2N,MERY,1993,n,NA,PCB_18_15,TRUE,2
MERY2N,MERY,1993,n,NA,PCB_28,TRUE,2
MERY2N,MERY,1993,n,NA,PCB_29,TRUE,2
MERY2N,MERY,1993,n,NA,PCB_44,TRUE,2
MERY2N,MERY,1993,n,NA,PCB_50,TRUE,2
MERY2N,MERY,1993,n,NA,PCB_52,TRUE,2
MERY2N,MERY,1993,n,NA,PCB_66_95,TRUE,2
MERY2N,MERY,1993,n,NA,PCB_77,TRUE,2
MERY2N,MERY,1993,n,NA,PCB_87,TRUE,2
MERY2N,MERY,1993,n,NA,PCB_101_90,TRUE,2
MERY2N,MERY,1993,n,NA,PCB_105,TRUE,2
MERY2N,MERY,1993,n,NA,PCB_118,TRUE,2
MERY2N,MERY,1993,n,NA,PCB_126,TRUE,2
MERY2N,MERY,1993,n,NA,PCB_128,TRUE,2
MERY2N,MERY,1993,n,NA,PCB_138,TRUE,2
MERY2N,MERY,1993,n,NA,PCB_153_132,FALSE,3.2
MERY2N,MERY,1993,n,NA,PCB_169,TRUE,2
MERY2N,MERY,1993,n,NA,PCB_170_190,TRUE,2
MERY2N,MERY,1993,n,NA,PCB_180,TRUE,2
MERY2N,MERY,1993,n,NA,PCB_187,TRUE,2
MERY2N,MERY,1993,n,NA,PCB_195_208,TRUE,2
MERY2N,MERY,1993,n,NA,PCB_206,TRUE,2
MERY2N,MERY,1993,n,NA,PCB_209,TRUE,2
MERY2N,MERY,1993,n,NA,Total,FALSE,3.2
MERY3N,MERY,1993,n,NA,PCB_8_5,TRUE,2
MERY3N,MERY,1993,n,NA,PCB_18_15,TRUE,2
MERY3N,MERY,1993,n,NA,PCB_28,TRUE,2
MERY3N,MERY,1993,n,NA,PCB_29,TRUE,2
MERY3N,MERY,1993,n,NA,PCB_44,TRUE,2
MERY3N,MERY,1993,n,NA,PCB_50,TRUE,2
MERY3N,MERY,1993,n,NA,PCB_52,TRUE,2
MERY3N,MERY,1993,n,NA,PCB_66_95,TRUE,2
MERY3N,MERY,1993,n,NA,PCB_77,TRUE,2
MERY3N,MERY,1993,n,NA,PCB_87,TRUE,2
MERY3N,MERY,1993,n,NA,PCB_101_90,TRUE,2
MERY3N,MERY,1993,n,NA,PCB_105,TRUE,2
MERY3N,MERY,1993,n,NA,PCB_118,TRUE,2
MERY3N,MERY,1993,n,NA,PCB_126,TRUE,2
MERY3N,MERY,1993,n,NA,PCB_128,TRUE,2
MERY3N,MERY,1993,n,NA,PCB_138,FALSE,5.5
MERY3N,MERY,1993,n,NA,PCB_153_132,FALSE,9.6
MERY3N,MERY,1993,n,NA,PCB_169,TRUE,2
MERY3N,MERY,1993,n,NA,PCB_170_190,TRUE,2
MERY3N,MERY,1993,n,NA,PCB_180,TRUE,2
MERY3N,MERY,1993,n,NA,PCB_187,TRUE,2
MERY3N,MERY,1993,n,NA,PCB_195_208,FALSE,2.1
MERY3N,MERY,1993,n,NA,PCB_206,TRUE,2
MERY3N,MERY,1993,n,NA,PCB_209,TRUE,2
MERY3N,MERY,1993,n,NA,Total,FALSE,17
MEBC1P,MEBC,1995,p,NA,PCB_8_5,TRUE,2
MEBC1P,MEBC,1995,p,NA,PCB_18_15,TRUE,2
MEBC1P,MEBC,1995,p,NA,PCB_28,TRUE,2
MEBC1P,MEBC,1995,p,NA,PCB_29,FALSE,2.5
MEBC1P,MEBC,1995,p,NA,PCB_44,TRUE,2
MEBC1P,MEBC,1995,p,NA,PCB_50,TRUE,2
MEBC1P,MEBC,1995,p,NA,PCB_52,TRUE,2
MEBC1P,MEBC,1995,p,NA,PCB_66_95,TRUE,2
MEBC1P,MEBC,1995,p,NA,PCB_77,TRUE,2
MEBC1P,MEBC,1995,p,NA,PCB_87,TRUE,2
MEBC1P,MEBC,1995,p,NA,PCB_101_90,TRUE,2
MEBC1P,MEBC,1995,p,NA,PCB_105,TRUE,2
MEBC1P,MEBC,1995,p,NA,PCB_118,TRUE,2
MEBC1P,MEBC,1995,p,NA,PCB_126,TRUE,2
MEBC1P,MEBC,1995,p,NA,PCB_128,TRUE,2
MEBC1P,MEBC,1995,p,NA,PCB_138,FALSE,2.1
MEBC1P,MEBC,1995,p,NA,PCB_153_132,FALSE,4.4
MEBC1P,MEBC,1995,p,NA,PCB_169,TRUE,2
MEBC1P,MEBC,1995,p,NA,PCB_170_190,TRUE,2
MEBC1P,MEBC,1995,p,NA,PCB_180,TRUE,2
MEBC1P,MEBC,1995,p,NA,PCB_187,TRUE,2
MEBC1P,MEBC,1995,p,NA,PCB_195_208,TRUE,2
MEBC1P,MEBC,1995,p,NA,PCB_206,TRUE,2
MEBC1P,MEBC,1995,p,NA,PCB_209,TRUE,2
MEBC1P,MEBC,1995,p,NA,Total,FALSE,9
MEBC2P,MEBC,1995,p,NA,PCB_8_5,TRUE,2
MEBC2P,MEBC,1995,p,NA,PCB_18_15,TRUE,2
MEBC2P,MEBC,1995,p,NA,PCB_28,TRUE,2
MEBC2P,MEBC,1995,p,NA,PCB_29,TRUE,2
MEBC2P,MEBC,1995,p,NA,PCB_44,TRUE,2
MEBC2P,MEBC,1995,p,NA,PCB_50,TRUE,2
MEBC2P,MEBC,1995,p,NA,PCB_52,TRUE,2
MEBC2P,MEBC,1995,p,NA,PCB_66_95,TRUE,2
MEBC2P,MEBC,1995,p,NA,PCB_77,TRUE,2
MEBC2P,MEBC,1995,p,NA,PCB_87,TRUE,2
MEBC2P,MEBC,1995,p,NA,PCB_101_90,TRUE,2
MEBC2P,MEBC,1995,p,NA,PCB_105,TRUE,2
MEBC2P,MEBC,1995,p,NA,PCB_118,TRUE,2
MEBC2P,MEBC,1995,p,NA,PCB_126,TRUE,2
MEBC2P,MEBC,1995,p,NA,PCB_128,TRUE,2
MEBC2P,MEBC,1995,p,NA,PCB_138,TRUE,2
MEBC2P,MEBC,1995,p,NA,PCB_153_132,TRUE,2
MEBC2P,MEBC,1995,p,NA,PCB_169,TRUE,2
MEBC2P,MEBC,1995,p,NA,PCB_170_190,TRUE,2
MEBC2P,MEBC,1995,p,NA,PCB_180,TRUE,2
MEBC2P,MEBC,1995,p,NA,PCB_187,TRUE,2
MEBC2P,MEBC,1995,p,NA,PCB_195_208,TRUE,2
MEBC2P,MEBC,1995,p,NA,PCB_206,TRUE,2
MEBC2P,MEBC,1995,p,NA,PCB_209,TRUE,2
MEBC2P,MEBC,1995,p,NA,Total,TRUE,NA
MEBC3P,MEBC,1995,p,NA,PCB_8_5,TRUE,2
MEBC3P,MEBC,1995,p,NA,PCB_18_15,TRUE,2
MEBC3P,MEBC,1995,p,NA,PCB_28,TRUE,2
MEBC3P,MEBC,1995,p,NA,PCB_29,FALSE,2.5
MEBC3P,MEBC,1995,p,NA,PCB_44,TRUE,2
MEBC3P,MEBC,1995,p,NA,PCB_50,TRUE,2
MEBC3P,MEBC,1995,p,NA,PCB_52,TRUE,2
MEBC3P,MEBC,1995,p,NA,PCB_66_95,TRUE,2
MEBC3P,MEBC,1995,p,NA,PCB_77,TRUE,2
MEBC3P,MEBC,1995,p,NA,PCB_87,TRUE,2
MEBC3P,MEBC,1995,p,NA,PCB_101_90,TRUE,2
MEBC3P,MEBC,1995,p,NA,PCB_105,TRUE,2
MEBC3P,MEBC,1995,p,NA,PCB_118,TRUE,2
MEBC3P,MEBC,1995,p,NA,PCB_126,TRUE,2
MEBC3P,MEBC,1995,p,NA,PCB_128,TRUE,2
MEBC3P,MEBC,1995,p,NA,PCB_138,TRUE,2
MEBC3P,MEBC,1995,p,NA,PCB_153_132,FALSE,3.9
MEBC3P,MEBC,1995,p,NA,PCB_169,TRUE,2
MEBC3P,MEBC,1995,p,NA,PCB_170_190,TRUE,2
MEBC3P,MEBC,1995,p,NA,PCB_180,TRUE,2
MEBC3P,MEBC,1995,p,NA,PCB_187,TRUE,2
MEBC3P,MEBC,1995,p,NA,PCB_195_208,TRUE,2
MEBC3P,MEBC,1995,p,NA,PCB_206,TRUE,2
MEBC3P,MEBC,1995,p,NA,PCB_209,TRUE,2
MEBC3P,MEBC,1995,p,NA,Total,FALSE,6.4
MEBC4P,MEBC,1995,p,NA,PCB_8_5,TRUE,2
MEBC4P,MEBC,1995,p,NA,PCB_18_15,TRUE,2
MEBC4P,MEBC,1995,p,NA,PCB_28,TRUE,2
MEBC4P,MEBC,1995,p,NA,PCB_29,TRUE,2
MEBC4P,MEBC,1995,p,NA,PCB_44,TRUE,2
MEBC4P,MEBC,1995,p,NA,PCB_50,TRUE,2
MEBC4P,MEBC,1995,p,NA,PCB_52,TRUE,2
MEBC4P,MEBC,1995,p,NA,PCB_66_95,TRUE,2
MEBC4P,MEBC,1995,p,NA,PCB_77,TRUE,2
MEBC4P,MEBC,1995,p,NA,PCB_87,TRUE,2
MEBC4P,MEBC,1995,p,NA,PCB_101_90,TRUE,2
MEBC4P,MEBC,1995,p,NA,PCB_105,TRUE,2
MEBC4P,MEBC,1995,p,NA,PCB_118,TRUE,2
MEBC4P,MEBC,1995,p,NA,PCB_126,TRUE,2
MEBC4P,MEBC,1995,p,NA,PCB_128,TRUE,2
MEBC4P,MEBC,1995,p,NA,PCB_138,TRUE,2
MEBC4P,MEBC,1995,p,NA,PCB_153_132,TRUE,2
MEBC4P,MEBC,1995,p,NA,PCB_169,TRUE,2
MEBC4P,MEBC,1995,p,NA,PCB_170_190,TRUE,2
MEBC4P,MEBC,1995,p,NA,PCB_180,TRUE,2
MEBC4P,MEBC,1995,p,NA,PCB_187,TRUE,2
MEBC4P,MEBC,1995,p,NA,PCB_195_208,TRUE,2
MEBC4P,MEBC,1995,p,NA,PCB_206,TRUE,2
MEBC4P,MEBC,1995,p,NA,PCB_209,TRUE,2
MEBC4P,MEBC,1995,p,NA,Total,TRUE,NA
MEBC4P Duplicate,MEBC,1995,p,TRUE,PCB_8_5,TRUE,2
MEBC4P Duplicate,MEBC,1995,p,TRUE,PCB_18_15,TRUE,2
MEBC4P Duplicate,MEBC,1995,p,TRUE,PCB_28,TRUE,2
MEBC4P Duplicate,MEBC,1995,p,TRUE,PCB_29,TRUE,2
MEBC4P Duplicate,MEBC,1995,p,TRUE,PCB_44,TRUE,2
MEBC4P Duplicate,MEBC,1995,p,TRUE,PCB_50,TRUE,2
MEBC4P Duplicate,MEBC,1995,p,TRUE,PCB_52,TRUE,2
MEBC4P Duplicate,MEBC,1995,p,TRUE,PCB_66_95,TRUE,2
MEBC4P Duplicate,MEBC,1995,p,TRUE,PCB_77,TRUE,2
MEBC4P Duplicate,MEBC,1995,p,TRUE,PCB_87,TRUE,2
MEBC4P Duplicate,MEBC,1995,p,TRUE,PCB_101_90,TRUE,2
MEBC4P Duplicate,MEBC,1995,p,TRUE,PCB_105,TRUE,2
MEBC4P Duplicate,MEBC,1995,p,TRUE,PCB_118,TRUE,2
MEBC4P Duplicate,MEBC,1995,p,TRUE,PCB_126,TRUE,2
MEBC4P Duplicate,MEBC,1995,p,TRUE,PCB_128,TRUE,2
MEBC4P Duplicate,MEBC,1995,p,TRUE,PCB_138,TRUE,2
MEBC4P Duplicate,MEBC,1995,p,TRUE,PCB_153_132,TRUE,2
MEBC4P Duplicate,MEBC,1995,p,TRUE,PCB_169,TRUE,2
MEBC4P Duplicate,MEBC,1995,p,TRUE,PCB_170_190,TRUE,2
MEBC4P Duplicate,MEBC,1995,p,TRUE,PCB_180,TRUE,2
MEBC4P Duplicate,MEBC,1995,p,TRUE,PCB_187,TRUE,2
MEBC4P Duplicate,MEBC,1995,p,TRUE,PCB_195_208,TRUE,2
MEBC4P Duplicate,MEBC,1995,p,TRUE,PCB_206,TRUE,2
MEBC4P Duplicate,MEBC,1995,p,TRUE,PCB_209,TRUE,2
MEBC4P Duplicate,MEBC,1995,p,TRUE,Total,TRUE,NA
MERY 1,MERY,1999,NA,NA,PCB_8_5,TRUE,2
MERY 1,MERY,1999,NA,NA,PCB_18_15,TRUE,2
MERY 1,MERY,1999,NA,NA,PCB_28,TRUE,2
MERY 1,MERY,1999,NA,NA,PCB_29,TRUE,1
MERY 1,MERY,1999,NA,NA,PCB_44,TRUE,2
MERY 1,MERY,1999,NA,NA,PCB_50,TRUE,2
MERY 1,MERY,1999,NA,NA,PCB_52,TRUE,2
MERY 1,MERY,1999,NA,NA,PCB_66_95,TRUE,2
MERY 1,MERY,1999,NA,NA,PCB_77,TRUE,2
MERY 1,MERY,1999,NA,NA,PCB_87,TRUE,1.5
MERY 1,MERY,1999,NA,NA,PCB_101_90,FALSE,2.8
MERY 1,MERY,1999,NA,NA,PCB_105,TRUE,1
MERY 1,MERY,1999,NA,NA,PCB_118,FALSE,2.8
MERY 1,MERY,1999,NA,NA,PCB_126,TRUE,1.5
MERY 1,MERY,1999,NA,NA,PCB_128,TRUE,1
MERY 1,MERY,1999,NA,NA,PCB_138,FALSE,5.4
MERY 1,MERY,1999,NA,NA,PCB_153_132,FALSE,7.1
MERY 1,MERY,1999,NA,NA,PCB_169,TRUE,1.5
MERY 1,MERY,1999,NA,NA,PCB_170_190,TRUE,1.5
MERY 1,MERY,1999,NA,NA,PCB_180,TRUE,1
MERY 1,MERY,1999,NA,NA,PCB_187,FALSE,2.6
MERY 1,MERY,1999,NA,NA,PCB_195_208,TRUE,1.5
MERY 1,MERY,1999,NA,NA,PCB_206,TRUE,1.5
MERY 1,MERY,1999,NA,NA,PCB_209,NA,NA
MERY 1,MERY,1999,NA,NA,Total,FALSE,21
MERY 2,MERY,1999,NA,NA,PCB_8_5,TRUE,2
MERY 2,MERY,1999,NA,NA,PCB_18_15,TRUE,2
MERY 2,MERY,1999,NA,NA,PCB_28,TRUE,2
MERY 2,MERY,1999,NA,NA,PCB_29,TRUE,1
MERY 2,MERY,1999,NA,NA,PCB_44,TRUE,2
MERY 2,MERY,1999,NA,NA,PCB_50,TRUE,2
MERY 2,MERY,1999,NA,NA,PCB_52,TRUE,2
MERY 2,MERY,1999,NA,NA,PCB_66_95,TRUE,2
MERY 2,MERY,1999,NA,NA,PCB_77,TRUE,2
MERY 2,MERY,1999,NA,NA,PCB_87,TRUE,1.5
MERY 2,MERY,1999,NA,NA,PCB_101_90,FALSE,1.2
MERY 2,MERY,1999,NA,NA,PCB_105,TRUE,1
MERY 2,MERY,1999,NA,NA,PCB_118,FALSE,2.1
MERY 2,MERY,1999,NA,NA,PCB_126,TRUE,1.5
MERY 2,MERY,1999,NA,NA,PCB_128,TRUE,1
MERY 2,MERY,1999,NA,NA,PCB_138,FALSE,3.6
MERY 2,MERY,1999,NA,NA,PCB_153_132,FALSE,5.2
MERY 2,MERY,1999,NA,NA,PCB_169,TRUE,1.5
MERY 2,MERY,1999,NA,NA,PCB_170_190,TRUE,1.5
MERY 2,MERY,1999,NA,NA,PCB_180,TRUE,1
MERY 2,MERY,1999,NA,NA,PCB_187,FALSE,1.2
MERY 2,MERY,1999,NA,NA,PCB_195_208,TRUE,1.5
MERY 2,MERY,1999,NA,NA,PCB_206,TRUE,1.5
MERY 2,MERY,1999,NA,NA,PCB_209,NA,NA
MERY 2,MERY,1999,NA,NA,Total,FALSE,13
MERY 3,MERY,1999,NA,NA,PCB_8_5,TRUE,2
MERY 3,MERY,1999,NA,NA,PCB_18_15,TRUE,2
MERY 3,MERY,1999,NA,NA,PCB_28,TRUE,2
MERY 3,MERY,1999,NA,NA,PCB_29,TRUE,1
MERY 3,MERY,1999,NA,NA,PCB_44,TRUE,2
MERY 3,MERY,1999,NA,NA,PCB_50,TRUE,2
MERY 3,MERY,1999,NA,NA,PCB_52,TRUE,2
MERY 3,MERY,1999,NA,NA,PCB_66_95,TRUE,2
MERY 3,MERY,1999,NA,NA,PCB_77,TRUE,2
MERY 3,MERY,1999,NA,NA,PCB_87,TRUE,1.5
MERY 3,MERY,1999,NA,NA,PCB_101_90,FALSE,2.2
MERY 3,MERY,1999,NA,NA,PCB_105,TRUE,1
MERY 3,MERY,1999,NA,NA,PCB_118,FALSE,3.2
MERY 3,MERY,1999,NA,NA,PCB_126,TRUE,1.5
MERY 3,MERY,1999,NA,NA,PCB_128,TRUE,1
MERY 3,MERY,1999,NA,NA,PCB_138,FALSE,5.5
MERY 3,MERY,1999,NA,NA,PCB_153_132,FALSE,6.5
MERY 3,MERY,1999,NA,NA,PCB_169,TRUE,1.5
MERY 3,MERY,1999,NA,NA,PCB_170_190,TRUE,1.5
MERY 3,MERY,1999,NA,NA,PCB_180,TRUE,1
MERY 3,MERY,1999,NA,NA,PCB_187,FALSE,2.6
MERY 3,MERY,1999,NA,NA,PCB_195_208,TRUE,1.5
MERY 3,MERY,1999,NA,NA,PCB_206,TRUE,1.5
MERY 3,MERY,1999,NA,NA,PCB_209,NA,NA
MERY 3,MERY,1999,NA,NA,Total,FALSE,20
MERY 4,MERY,1999,NA,NA,PCB_8_5,TRUE,2
MERY 4,MERY,1999,NA,NA,PCB_18_15,TRUE,2
MERY 4,MERY,1999,NA,NA,PCB_28,TRUE,2
MERY 4,MERY,1999,NA,NA,PCB_29,TRUE,1
MERY 4,MERY,1999,NA,NA,PCB_44,TRUE,2
MERY 4,MERY,1999,NA,NA,PCB_50,TRUE,2
MERY 4,MERY,1999,NA,NA,PCB_52,TRUE,2
MERY 4,MERY,1999,NA,NA,PCB_66_95,TRUE,2
MERY 4,MERY,1999,NA,NA,PCB_77,TRUE,2
MERY 4,MERY,1999,NA,NA,PCB_87,TRUE,1.5
MERY 4,MERY,1999,NA,NA,PCB_101_90,FALSE,2.6
MERY 4,MERY,1999,NA,NA,PCB_105,TRUE,1
MERY 4,MERY,1999,NA,NA,PCB_118,FALSE,3.2
MERY 4,MERY,1999,NA,NA,PCB_126,TRUE,1.5
MERY 4,MERY,1999,NA,NA,PCB_128,TRUE,1
MERY 4,MERY,1999,NA,NA,PCB_138,FALSE,5.5
MERY 4,MERY,1999,NA,NA,PCB_153_132,FALSE,6.5
MERY 4,MERY,1999,NA,NA,PCB_169,TRUE,1.5
MERY 4,MERY,1999,NA,NA,PCB_170_190,TRUE,1.5
MERY 4,MERY,1999,NA,NA,PCB_180,TRUE,1
MERY 4,MERY,1999,NA,NA,PCB_187,FALSE,2.5
MERY 4,MERY,1999,NA,NA,PCB_195_208,TRUE,1.5
MERY 4,MERY,1999,NA,NA,PCB_206,TRUE,1.5
MERY 4,MERY,1999,NA,NA,PCB_209,NA,NA
MERY 4,MERY,1999,NA,NA,Total,FALSE,20
MERY Duplicate,MERY,1999,NA,TRUE,PCB_8_5,TRUE,2
MERY Duplicate,MERY,1999,NA,TRUE,PCB_18_15,TRUE,2
MERY Duplicate,MERY,1999,NA,TRUE,PCB_28,TRUE,2
MERY Duplicate,MERY,1999,NA,TRUE,PCB_29,TRUE,1
MERY Duplicate,MERY,1999,NA,TRUE,PCB_44,TRUE,2
MERY Duplicate,MERY,1999,NA,TRUE,PCB_50,TRUE,2
MERY Duplicate,MERY,1999,NA,TRUE,PCB_52,TRUE,2
MERY Duplicate,MERY,1999,NA,TRUE,PCB_66_95,TRUE,2
MERY Duplicate,MERY,1999,NA,TRUE,PCB_77,TRUE,2
MERY Duplicate,MERY,1999,NA,TRUE,PCB_87,TRUE,1.5
MERY Duplicate,MERY,1999,NA,TRUE,PCB_101_90,FALSE,2.1
MERY Duplicate,MERY,1999,NA,TRUE,PCB_105,TRUE,1
MERY Duplicate,MERY,1999,NA,TRUE,PCB_118,FALSE,2.8
MERY Duplicate,MERY,1999,NA,TRUE,PCB_126,TRUE,1.5
MERY Duplicate,MERY,1999,NA,TRUE,PCB_128,TRUE,1
MERY Duplicate,MERY,1999,NA,TRUE,PCB_138,FALSE,4.8
MERY Duplicate,MERY,1999,NA,TRUE,PCB_153_132,FALSE,6.6
MERY Duplicate,MERY,1999,NA,TRUE,PCB_169,TRUE,1.5
MERY Duplicate,MERY,1999,NA,TRUE,PCB_170_190,TRUE,1.5
MERY Duplicate,MERY,1999,NA,TRUE,PCB_180,TRUE,1
MERY Duplicate,MERY,1999,NA,TRUE,PCB_187,FALSE,1.9
MERY Duplicate,MERY,1999,NA,TRUE,PCB_195_208,TRUE,1.5
MERY Duplicate,MERY,1999,NA,TRUE,PCB_206,TRUE,1.5
MERY Duplicate,MERY,1999,NA,TRUE,PCB_209,NA,NA
MERY Duplicate,MERY,1999,NA,TRUE,Total,FALSE,18
MEPR 1N,MEPR,2000,n,NA,PCB_8_5,TRUE,2
MEPR 1N,MEPR,2000,n,NA,PCB_18_15,TRUE,2
MEPR 1N,MEPR,2000,n,NA,PCB_28,TRUE,2
MEPR 1N,MEPR,2000,n,NA,PCB_29,TRUE,1
MEPR 1N,MEPR,2000,n,NA,PCB_44,TRUE,2
MEPR 1N,MEPR,2000,n,NA,PCB_50,TRUE,2
MEPR 1N,MEPR,2000,n,NA,PCB_52,TRUE,2
MEPR 1N,MEPR,2000,n,NA,PCB_66_95,TRUE,2
MEPR 1N,MEPR,2000,n,NA,PCB_77,TRUE,2
MEPR 1N,MEPR,2000,n,NA,PCB_87,TRUE,1.5
MEPR 1N,MEPR,2000,n,NA,PCB_101_90,FALSE,4.8
MEPR 1N,MEPR,2000,n,NA,PCB_105,TRUE,1.5
MEPR 1N,MEPR,2000,n,NA,PCB_118,FALSE,4.6
MEPR 1N,MEPR,2000,n,NA,PCB_126,TRUE,1.5
MEPR 1N,MEPR,2000,n,NA,PCB_128,TRUE,1
MEPR 1N,MEPR,2000,n,NA,PCB_138,FALSE,9.1
MEPR 1N,MEPR,2000,n,NA,PCB_153_132,FALSE,10.5
MEPR 1N,MEPR,2000,n,NA,PCB_169,TRUE,1.5
MEPR 1N,MEPR,2000,n,NA,PCB_170_190,TRUE,1.5
MEPR 1N,MEPR,2000,n,NA,PCB_180,TRUE,1
MEPR 1N,MEPR,2000,n,NA,PCB_187,FALSE,2.6
MEPR 1N,MEPR,2000,n,NA,PCB_195_208,TRUE,1.5
MEPR 1N,MEPR,2000,n,NA,PCB_206,TRUE,1.5
MEPR 1N,MEPR,2000,n,NA,PCB_209,TRUE,1.5
MEPR 1N,MEPR,2000,n,NA,Total,FALSE,32
MEPR 2N,MEPR,2000,n,NA,PCB_8_5,TRUE,2
MEPR 2N,MEPR,2000,n,NA,PCB_18_15,TRUE,2
MEPR 2N,MEPR,2000,n,NA,PCB_28,TRUE,2
MEPR 2N,MEPR,2000,n,NA,PCB_29,FALSE,1.8
MEPR 2N,MEPR,2000,n,NA,PCB_44,TRUE,2
MEPR 2N,MEPR,2000,n,NA,PCB_50,TRUE,2
MEPR 2N,MEPR,2000,n,NA,PCB_52,TRUE,2
MEPR 2N,MEPR,2000,n,NA,PCB_66_95,TRUE,2
MEPR 2N,MEPR,2000,n,NA,PCB_77,TRUE,2
MEPR 2N,MEPR,2000,n,NA,PCB_87,FALSE,1.6
MEPR 2N,MEPR,2000,n,NA,PCB_101_90,TRUE,1.5
MEPR 2N,MEPR,2000,n,NA,PCB_105,FALSE,1.5
MEPR 2N,MEPR,2000,n,NA,PCB_118,FALSE,3.6
MEPR 2N,MEPR,2000,n,NA,PCB_126,TRUE,1.5
MEPR 2N,MEPR,2000,n,NA,PCB_128,TRUE,1
MEPR 2N,MEPR,2000,n,NA,PCB_138,FALSE,8.8
MEPR 2N,MEPR,2000,n,NA,PCB_153_132,FALSE,9.7
MEPR 2N,MEPR,2000,n,NA,PCB_169,TRUE,1.5
MEPR 2N,MEPR,2000,n,NA,PCB_170_190,TRUE,1.5
MEPR 2N,MEPR,2000,n,NA,PCB_180,TRUE,1
MEPR 2N,MEPR,2000,n,NA,PCB_187,FALSE,2.3
MEPR 2N,MEPR,2000,n,NA,PCB_195_208,TRUE,1.5
MEPR 2N,MEPR,2000,n,NA,PCB_206,TRUE,1.5
MEPR 2N,MEPR,2000,n,NA,PCB_209,TRUE,1.5
MEPR 2N,MEPR,2000,n,NA,Total,FALSE,29
MEPR 2N Duplicate,MEPR,2000,n,NA,PCB_8_5,TRUE,2
MEPR 2N Duplicate,MEPR,2000,n,NA,PCB_18_15,TRUE,2
MEPR 2N Duplicate,MEPR,2000,n,NA,PCB_28,TRUE,2
MEPR 2N Duplicate,MEPR,2000,n,NA,PCB_29,FALSE,1.8
MEPR 2N Duplicate,MEPR,2000,n,NA,PCB_44,TRUE,2
MEPR 2N Duplicate,MEPR,2000,n,NA,PCB_50,TRUE,2
MEPR 2N Duplicate,MEPR,2000,n,NA,PCB_52,TRUE,2
MEPR 2N Duplicate,MEPR,2000,n,NA,PCB_66_95,TRUE,2
MEPR 2N Duplicate,MEPR,2000,n,NA,PCB_77,TRUE,2
MEPR 2N Duplicate,MEPR,2000,n,NA,PCB_87,TRUE,1.5
MEPR 2N Duplicate,MEPR,2000,n,NA,PCB_101_90,TRUE,1.5
MEPR 2N Duplicate,MEPR,2000,n,NA,PCB_105,FALSE,1.3
MEPR 2N Duplicate,MEPR,2000,n,NA,PCB_118,FALSE,2.3
MEPR 2N Duplicate,MEPR,2000,n,NA,PCB_126,TRUE,1.5
MEPR 2N Duplicate,MEPR,2000,n,NA,PCB_128,TRUE,1
MEPR 2N Duplicate,MEPR,2000,n,NA,PCB_138,FALSE,8.1
MEPR 2N Duplicate,MEPR,2000,n,NA,PCB_153_132,FALSE,9
MEPR 2N Duplicate,MEPR,2000,n,NA,PCB_169,TRUE,1.5
MEPR 2N Duplicate,MEPR,2000,n,NA,PCB_170_190,TRUE,1.5
MEPR 2N Duplicate,MEPR,2000,n,NA,PCB_180,TRUE,1
MEPR 2N Duplicate,MEPR,2000,n,NA,PCB_187,FALSE,1.8
MEPR 2N Duplicate,MEPR,2000,n,NA,PCB_195_208,TRUE,1.5
MEPR 2N Duplicate,MEPR,2000,n,NA,PCB_206,TRUE,1.5
MEPR 2N Duplicate,MEPR,2000,n,NA,PCB_209,TRUE,1.5
MEPR 2N Duplicate,MEPR,2000,n,NA,Total,FALSE,24
MEPR 3N,MEPR,2000,n,NA,PCB_8_5,TRUE,2
MEPR 3N,MEPR,2000,n,NA,PCB_18_15,TRUE,2
MEPR 3N,MEPR,2000,n,NA,PCB_28,TRUE,2
MEPR 3N,MEPR,2000,n,NA,PCB_29,TRUE,1
MEPR 3N,MEPR,2000,n,NA,PCB_44,TRUE,2
MEPR 3N,MEPR,2000,n,NA,PCB_50,TRUE,2
MEPR 3N,MEPR,2000,n,NA,PCB_52,TRUE,2
MEPR 3N,MEPR,2000,n,NA,PCB_66_95,TRUE,2
MEPR 3N,MEPR,2000,n,NA,PCB_77,TRUE,2
MEPR 3N,MEPR,2000,n,NA,PCB_87,TRUE,1.5
MEPR 3N,MEPR,2000,n,NA,PCB_101_90,FALSE,4.3
MEPR 3N,MEPR,2000,n,NA,PCB_105,TRUE,1.5
MEPR 3N,MEPR,2000,n,NA,PCB_118,FALSE,3.8
MEPR 3N,MEPR,2000,n,NA,PCB_126,TRUE,1.5
MEPR 3N,MEPR,2000,n,NA,PCB_128,TRUE,1
MEPR 3N,MEPR,2000,n,NA,PCB_138,FALSE,7.6
MEPR 3N,MEPR,2000,n,NA,PCB_153_132,FALSE,8.9
MEPR 3N,MEPR,2000,n,NA,PCB_169,TRUE,1.5
MEPR 3N,MEPR,2000,n,NA,PCB_170_190,TRUE,1.5
MEPR 3N,MEPR,2000,n,NA,PCB_180,TRUE,1
MEPR 3N,MEPR,2000,n,NA,PCB_187,TRUE,1
MEPR 3N,MEPR,2000,n,NA,PCB_195_208,TRUE,1.5
MEPR 3N,MEPR,2000,n,NA,PCB_206,TRUE,1.5
MEPR 3N,MEPR,2000,n,NA,PCB_209,TRUE,1.5
MEPR 3N,MEPR,2000,n,NA,Total,FALSE,25
MEPR 4N,MEPR,2000,n,NA,PCB_8_5,TRUE,2
MEPR 4N,MEPR,2000,n,NA,PCB_18_15,TRUE,2
MEPR 4N,MEPR,2000,n,NA,PCB_28,FALSE,2.9
MEPR 4N,MEPR,2000,n,NA,PCB_29,TRUE,1
MEPR 4N,MEPR,2000,n,NA,PCB_44,TRUE,2
MEPR 4N,MEPR,2000,n,NA,PCB_50,TRUE,2
MEPR 4N,MEPR,2000,n,NA,PCB_52,TRUE,2
MEPR 4N,MEPR,2000,n,NA,PCB_66_95,TRUE,2
MEPR 4N,MEPR,2000,n,NA,PCB_77,TRUE,2
MEPR 4N,MEPR,2000,n,NA,PCB_87,TRUE,1.5
MEPR 4N,MEPR,2000,n,NA,PCB_101_90,TRUE,1.5
MEPR 4N,MEPR,2000,n,NA,PCB_105,FALSE,1.9
MEPR 4N,MEPR,2000,n,NA,PCB_118,FALSE,2.95
MEPR 4N,MEPR,2000,n,NA,PCB_126,TRUE,1.5
MEPR 4N,MEPR,2000,n,NA,PCB_128,TRUE,1
MEPR 4N,MEPR,2000,n,NA,PCB_138,FALSE,9.03
MEPR 4N,MEPR,2000,n,NA,PCB_153_132,FALSE,9.52
MEPR 4N,MEPR,2000,n,NA,PCB_169,TRUE,1.5
MEPR 4N,MEPR,2000,n,NA,PCB_170_190,TRUE,1.5
MEPR 4N,MEPR,2000,n,NA,PCB_180,TRUE,1
MEPR 4N,MEPR,2000,n,NA,PCB_187,FALSE,3.24
MEPR 4N,MEPR,2000,n,NA,PCB_195_208,TRUE,1.5
MEPR 4N,MEPR,2000,n,NA,PCB_206,TRUE,1.5
MEPR 4N,MEPR,2000,n,NA,PCB_209,TRUE,1.5
MEPR 4N,MEPR,2000,n,NA,Total,FALSE,30
