Original_Code,Site,Year,Sample_Type,PAH,Flag,Concentration
MEPH 1N,MEPH,2000,N,Naphthalene,FALSE,7
MEPH 1N,MEPH,2000,N,1-MethylNaphthalene,TRUE,3
MEPH 1N,MEPH,2000,N,2-MethylNaphthalene,TRUE,3
MEPH 1N,MEPH,2000,N,Biphenyl,TRUE,3
MEPH 1N,MEPH,2000,N,"2,6-DiMethylNaphthalene",TRUE,4
MEPH 1N,MEPH,2000,N,Acenaphthylene,FALSE,4
MEPH 1N,MEPH,2000,N,Acenaphthene,TRUE,4
MEPH 1N,MEPH,2000,N,"2,3,5-TriMethylNaphthalene",TRUE,3
MEPH 1N,MEPH,2000,N,Fluorene,TRUE,4
MEPH 1N,MEPH,2000,N,Phenanthrene,FALSE,18
MEPH 1N,MEPH,2000,N,Anthracene,TRUE,2
MEPH 1N,MEPH,2000,N,1-MethylPhenanthrene,FALSE,10
MEPH 1N,MEPH,2000,N,Fluoranthene,FALSE,200
MEPH 1N,MEPH,2000,N,Pyrene,FALSE,173
MEPH 1N,MEPH,2000,N,Benzo(a)Anthracene,FALSE,44
MEPH 1N,MEPH,2000,N,Chrysene,FALSE,107
MEPH 1N,MEPH,2000,N,Benzo(b+k)fluoranthene,NA,NA
MEPH 1N,MEPH,2000,N,Benzo(b)Fluoranthene,FALSE,61
MEPH 1N,MEPH,2000,N,Benzo(k)Fluoranthene,FALSE,60
MEPH 1N,MEPH,2000,N,Benzo(e)Pyrene,FALSE,86
MEPH 1N,MEPH,2000,N,Benzo(a)Pyrene,FALSE,23
MEPH 1N,MEPH,2000,N,Perylene,FALSE,14
MEPH 1N,MEPH,2000,N,"Indeno(1,2,3-cd)Pyrene",FALSE,20
MEPH 1N,MEPH,2000,N,"Dibenzo(a,h)Anthracene",TRUE,4
MEPH 1N,MEPH,2000,N,"Benzo(g,h,i)Perylene",FALSE,25
MEPH 1N,MEPH,2000,N,Total,FALSE,853
MEPH 2N,MEPH,2000,N,Naphthalene,FALSE,4
MEPH 2N,MEPH,2000,N,1-MethylNaphthalene,TRUE,3
MEPH 2N,MEPH,2000,N,2-MethylNaphthalene,TRUE,3
MEPH 2N,MEPH,2000,N,Biphenyl,TRUE,3
MEPH 2N,MEPH,2000,N,"2,6-DiMethylNaphthalene",TRUE,4
MEPH 2N,MEPH,2000,N,Acenaphthylene,FALSE,4
MEPH 2N,MEPH,2000,N,Acenaphthene,TRUE,4
MEPH 2N,MEPH,2000,N,"2,3,5-TriMethylNaphthalene",TRUE,3
MEPH 2N,MEPH,2000,N,Fluorene,TRUE,4
MEPH 2N,MEPH,2000,N,Phenanthrene,FALSE,21
MEPH 2N,MEPH,2000,N,Anthracene,TRUE,2
MEPH 2N,MEPH,2000,N,1-MethylPhenanthrene,FALSE,8
MEPH 2N,MEPH,2000,N,Fluoranthene,FALSE,193
MEPH 2N,MEPH,2000,N,Pyrene,FALSE,159
MEPH 2N,MEPH,2000,N,Benzo(a)Anthracene,FALSE,37
MEPH 2N,MEPH,2000,N,Chrysene,FALSE,91
MEPH 2N,MEPH,2000,N,Benzo(b+k)fluoranthene,NA,NA
MEPH 2N,MEPH,2000,N,Benzo(b)Fluoranthene,FALSE,52
MEPH 2N,MEPH,2000,N,Benzo(k)Fluoranthene,FALSE,46
MEPH 2N,MEPH,2000,N,Benzo(e)Pyrene,FALSE,76
MEPH 2N,MEPH,2000,N,Benzo(a)Pyrene,FALSE,20
MEPH 2N,MEPH,2000,N,Perylene,FALSE,12
MEPH 2N,MEPH,2000,N,"Indeno(1,2,3-cd)Pyrene",FALSE,17
MEPH 2N,MEPH,2000,N,"Dibenzo(a,h)Anthracene",TRUE,4
MEPH 2N,MEPH,2000,N,"Benzo(g,h,i)Perylene",FALSE,22
MEPH 2N,MEPH,2000,N,Total,FALSE,762
MEPH 3N,MEPH,2000,N,Naphthalene,FALSE,10
MEPH 3N,MEPH,2000,N,1-MethylNaphthalene,FALSE,3
MEPH 3N,MEPH,2000,N,2-MethylNaphthalene,FALSE,6
MEPH 3N,MEPH,2000,N,Biphenyl,TRUE,3
MEPH 3N,MEPH,2000,N,"2,6-DiMethylNaphthalene",TRUE,4
MEPH 3N,MEPH,2000,N,Acenaphthylene,FALSE,4
MEPH 3N,MEPH,2000,N,Acenaphthene,TRUE,4
MEPH 3N,MEPH,2000,N,"2,3,5-TriMethylNaphthalene",TRUE,3
MEPH 3N,MEPH,2000,N,Fluorene,TRUE,4
MEPH 3N,MEPH,2000,N,Phenanthrene,FALSE,19
MEPH 3N,MEPH,2000,N,Anthracene,TRUE,2
MEPH 3N,MEPH,2000,N,1-MethylPhenanthrene,FALSE,9
MEPH 3N,MEPH,2000,N,Fluoranthene,FALSE,178
MEPH 3N,MEPH,2000,N,Pyrene,FALSE,154
MEPH 3N,MEPH,2000,N,Benzo(a)Anthracene,FALSE,38
MEPH 3N,MEPH,2000,N,Chrysene,FALSE,87
MEPH 3N,MEPH,2000,N,Benzo(b+k)fluoranthene,NA,NA
MEPH 3N,MEPH,2000,N,Benzo(b)Fluoranthene,FALSE,55
MEPH 3N,MEPH,2000,N,Benzo(k)Fluoranthene,FALSE,49
MEPH 3N,MEPH,2000,N,Benzo(e)Pyrene,FALSE,73
MEPH 3N,MEPH,2000,N,Benzo(a)Pyrene,FALSE,18
MEPH 3N,MEPH,2000,N,Perylene,FALSE,12
MEPH 3N,MEPH,2000,N,"Indeno(1,2,3-cd)Pyrene",FALSE,17
MEPH 3N,MEPH,2000,N,"Dibenzo(a,h)Anthracene",TRUE,4
MEPH 3N,MEPH,2000,N,"Benzo(g,h,i)Perylene",FALSE,21
MEPH 3N,MEPH,2000,N,Total,FALSE,753
MEPH 4N,MEPH,2000,N,Naphthalene,FALSE,14
MEPH 4N,MEPH,2000,N,1-MethylNaphthalene,FALSE,3
MEPH 4N,MEPH,2000,N,2-MethylNaphthalene,FALSE,6
MEPH 4N,MEPH,2000,N,Biphenyl,TRUE,3
MEPH 4N,MEPH,2000,N,"2,6-DiMethylNaphthalene",TRUE,4
MEPH 4N,MEPH,2000,N,Acenaphthylene,FALSE,4
MEPH 4N,MEPH,2000,N,Acenaphthene,TRUE,4
MEPH 4N,MEPH,2000,N,"2,3,5-TriMethylNaphthalene",FALSE,4
MEPH 4N,MEPH,2000,N,Fluorene,TRUE,4
MEPH 4N,MEPH,2000,N,Phenanthrene,FALSE,19
MEPH 4N,MEPH,2000,N,Anthracene,TRUE,2
MEPH 4N,MEPH,2000,N,1-MethylPhenanthrene,FALSE,10
MEPH 4N,MEPH,2000,N,Fluoranthene,FALSE,189
MEPH 4N,MEPH,2000,N,Pyrene,FALSE,158
MEPH 4N,MEPH,2000,N,Benzo(a)Anthracene,FALSE,36
MEPH 4N,MEPH,2000,N,Chrysene,FALSE,98
MEPH 4N,MEPH,2000,N,Benzo(b+k)fluoranthene,NA,NA
MEPH 4N,MEPH,2000,N,Benzo(b)Fluoranthene,FALSE,52
MEPH 4N,MEPH,2000,N,Benzo(k)Fluoranthene,FALSE,49
MEPH 4N,MEPH,2000,N,Benzo(e)Pyrene,FALSE,78
MEPH 4N,MEPH,2000,N,Benzo(a)Pyrene,FALSE,17
MEPH 4N,MEPH,2000,N,Perylene,FALSE,12
MEPH 4N,MEPH,2000,N,"Indeno(1,2,3-cd)Pyrene",FALSE,16
MEPH 4N,MEPH,2000,N,"Dibenzo(a,h)Anthracene",TRUE,4
MEPH 4N,MEPH,2000,N,"Benzo(g,h,i)Perylene",FALSE,22
MEPH 4N,MEPH,2000,N,Total,FALSE,784
MEPR 1N,MEPR,2000,N,Naphthalene,FALSE,24
MEPR 1N,MEPR,2000,N,1-MethylNaphthalene,FALSE,3
MEPR 1N,MEPR,2000,N,2-MethylNaphthalene,FALSE,6
MEPR 1N,MEPR,2000,N,Biphenyl,TRUE,3
MEPR 1N,MEPR,2000,N,"2,6-DiMethylNaphthalene",TRUE,4
MEPR 1N,MEPR,2000,N,Acenaphthylene,TRUE,4
MEPR 1N,MEPR,2000,N,Acenaphthene,TRUE,4
MEPR 1N,MEPR,2000,N,"2,3,5-TriMethylNaphthalene",TRUE,3
MEPR 1N,MEPR,2000,N,Fluorene,TRUE,4
MEPR 1N,MEPR,2000,N,Phenanthrene,FALSE,11
MEPR 1N,MEPR,2000,N,Anthracene,TRUE,2
MEPR 1N,MEPR,2000,N,1-MethylPhenanthrene,TRUE,4
MEPR 1N,MEPR,2000,N,Fluoranthene,FALSE,59
MEPR 1N,MEPR,2000,N,Pyrene,FALSE,44
MEPR 1N,MEPR,2000,N,Benzo(a)Anthracene,FALSE,9
MEPR 1N,MEPR,2000,N,Chrysene,FALSE,21
MEPR 1N,MEPR,2000,N,Benzo(b+k)fluoranthene,NA,NA
MEPR 1N,MEPR,2000,N,Benzo(b)Fluoranthene,FALSE,10
MEPR 1N,MEPR,2000,N,Benzo(k)Fluoranthene,FALSE,11
MEPR 1N,MEPR,2000,N,Benzo(e)Pyrene,FALSE,16
MEPR 1N,MEPR,2000,N,Benzo(a)Pyrene,FALSE,5
MEPR 1N,MEPR,2000,N,Perylene,FALSE,8
MEPR 1N,MEPR,2000,N,"Indeno(1,2,3-cd)Pyrene",FALSE,7
MEPR 1N,MEPR,2000,N,"Dibenzo(a,h)Anthracene",TRUE,4
MEPR 1N,MEPR,2000,N,"Benzo(g,h,i)Perylene",FALSE,6
MEPR 1N,MEPR,2000,N,Total,FALSE,238
MEPR 2N,MEPR,2000,N,Naphthalene,FALSE,12
MEPR 2N,MEPR,2000,N,1-MethylNaphthalene,TRUE,3
MEPR 2N,MEPR,2000,N,2-MethylNaphthalene,FALSE,4
MEPR 2N,MEPR,2000,N,Biphenyl,TRUE,3
MEPR 2N,MEPR,2000,N,"2,6-DiMethylNaphthalene",TRUE,4
MEPR 2N,MEPR,2000,N,Acenaphthylene,TRUE,4
MEPR 2N,MEPR,2000,N,Acenaphthene,TRUE,4
MEPR 2N,MEPR,2000,N,"2,3,5-TriMethylNaphthalene",TRUE,3
MEPR 2N,MEPR,2000,N,Fluorene,TRUE,4
MEPR 2N,MEPR,2000,N,Phenanthrene,FALSE,12
MEPR 2N,MEPR,2000,N,Anthracene,TRUE,2
MEPR 2N,MEPR,2000,N,1-MethylPhenanthrene,FALSE,4
MEPR 2N,MEPR,2000,N,Fluoranthene,FALSE,58
MEPR 2N,MEPR,2000,N,Pyrene,FALSE,45
MEPR 2N,MEPR,2000,N,Benzo(a)Anthracene,FALSE,10
MEPR 2N,MEPR,2000,N,Chrysene,FALSE,23
MEPR 2N,MEPR,2000,N,Benzo(b+k)fluoranthene,NA,NA
MEPR 2N,MEPR,2000,N,Benzo(b)Fluoranthene,FALSE,11
MEPR 2N,MEPR,2000,N,Benzo(k)Fluoranthene,FALSE,11
MEPR 2N,MEPR,2000,N,Benzo(e)Pyrene,FALSE,16
MEPR 2N,MEPR,2000,N,Benzo(a)Pyrene,FALSE,6
MEPR 2N,MEPR,2000,N,Perylene,FALSE,9
MEPR 2N,MEPR,2000,N,"Indeno(1,2,3-cd)Pyrene",FALSE,5
MEPR 2N,MEPR,2000,N,"Dibenzo(a,h)Anthracene",TRUE,4
MEPR 2N,MEPR,2000,N,"Benzo(g,h,i)Perylene",FALSE,6
MEPR 2N,MEPR,2000,N,Total,FALSE,232
MEPR 2N_Replicate,MEPR,2000,N,Naphthalene,FALSE,11
MEPR 2N_Replicate,MEPR,2000,N,1-MethylNaphthalene,TRUE,3
MEPR 2N_Replicate,MEPR,2000,N,2-MethylNaphthalene,FALSE,4
MEPR 2N_Replicate,MEPR,2000,N,Biphenyl,TRUE,3
MEPR 2N_Replicate,MEPR,2000,N,"2,6-DiMethylNaphthalene",TRUE,4
MEPR 2N_Replicate,MEPR,2000,N,Acenaphthylene,TRUE,4
MEPR 2N_Replicate,MEPR,2000,N,Acenaphthene,TRUE,4
MEPR 2N_Replicate,MEPR,2000,N,"2,3,5-TriMethylNaphthalene",TRUE,3
MEPR 2N_Replicate,MEPR,2000,N,Fluorene,TRUE,4
MEPR 2N_Replicate,MEPR,2000,N,Phenanthrene,FALSE,11
MEPR 2N_Replicate,MEPR,2000,N,Anthracene,TRUE,2
MEPR 2N_Replicate,MEPR,2000,N,1-MethylPhenanthrene,TRUE,4
MEPR 2N_Replicate,MEPR,2000,N,Fluoranthene,FALSE,57
MEPR 2N_Replicate,MEPR,2000,N,Pyrene,FALSE,44
MEPR 2N_Replicate,MEPR,2000,N,Benzo(a)Anthracene,FALSE,9
MEPR 2N_Replicate,MEPR,2000,N,Chrysene,FALSE,22
MEPR 2N_Replicate,MEPR,2000,N,Benzo(b+k)fluoranthene,NA,NA
MEPR 2N_Replicate,MEPR,2000,N,Benzo(b)Fluoranthene,FALSE,11
MEPR 2N_Replicate,MEPR,2000,N,Benzo(k)Fluoranthene,FALSE,12
MEPR 2N_Replicate,MEPR,2000,N,Benzo(e)Pyrene,FALSE,16
MEPR 2N_Replicate,MEPR,2000,N,Benzo(a)Pyrene,FALSE,6
MEPR 2N_Replicate,MEPR,2000,N,Perylene,FALSE,9
MEPR 2N_Replicate,MEPR,2000,N,"Indeno(1,2,3-cd)Pyrene",FALSE,5
MEPR 2N_Replicate,MEPR,2000,N,"Dibenzo(a,h)Anthracene",TRUE,4
MEPR 2N_Replicate,MEPR,2000,N,"Benzo(g,h,i)Perylene",FALSE,6
MEPR 2N_Replicate,MEPR,2000,N,Total,FALSE,223
MEPR 3N,MEPR,2000,N,Naphthalene,FALSE,29
MEPR 3N,MEPR,2000,N,1-MethylNaphthalene,FALSE,3
MEPR 3N,MEPR,2000,N,2-MethylNaphthalene,FALSE,5
MEPR 3N,MEPR,2000,N,Biphenyl,TRUE,3
MEPR 3N,MEPR,2000,N,"2,6-DiMethylNaphthalene",TRUE,4
MEPR 3N,MEPR,2000,N,Acenaphthylene,TRUE,4
MEPR 3N,MEPR,2000,N,Acenaphthene,TRUE,4
MEPR 3N,MEPR,2000,N,"2,3,5-TriMethylNaphthalene",TRUE,3
MEPR 3N,MEPR,2000,N,Fluorene,TRUE,4
MEPR 3N,MEPR,2000,N,Phenanthrene,FALSE,12
MEPR 3N,MEPR,2000,N,Anthracene,TRUE,2
MEPR 3N,MEPR,2000,N,1-MethylPhenanthrene,TRUE,4
MEPR 3N,MEPR,2000,N,Fluoranthene,FALSE,58
MEPR 3N,MEPR,2000,N,Pyrene,FALSE,42
MEPR 3N,MEPR,2000,N,Benzo(a)Anthracene,FALSE,8
MEPR 3N,MEPR,2000,N,Chrysene,FALSE,19
MEPR 3N,MEPR,2000,N,Benzo(b+k)fluoranthene,NA,NA
MEPR 3N,MEPR,2000,N,Benzo(b)Fluoranthene,FALSE,9
MEPR 3N,MEPR,2000,N,Benzo(k)Fluoranthene,FALSE,9
MEPR 3N,MEPR,2000,N,Benzo(e)Pyrene,FALSE,14
MEPR 3N,MEPR,2000,N,Benzo(a)Pyrene,FALSE,5
MEPR 3N,MEPR,2000,N,Perylene,FALSE,7
MEPR 3N,MEPR,2000,N,"Indeno(1,2,3-cd)Pyrene",FALSE,6
MEPR 3N,MEPR,2000,N,"Dibenzo(a,h)Anthracene",TRUE,4
MEPR 3N,MEPR,2000,N,"Benzo(g,h,i)Perylene",FALSE,6
MEPR 3N,MEPR,2000,N,Total,FALSE,234
MEPR 4N,MEPR,2000,N,Naphthalene,FALSE,17
MEPR 4N,MEPR,2000,N,1-MethylNaphthalene,TRUE,3
MEPR 4N,MEPR,2000,N,2-MethylNaphthalene,FALSE,4
MEPR 4N,MEPR,2000,N,Biphenyl,TRUE,3
MEPR 4N,MEPR,2000,N,"2,6-DiMethylNaphthalene",TRUE,4
MEPR 4N,MEPR,2000,N,Acenaphthylene,TRUE,4
MEPR 4N,MEPR,2000,N,Acenaphthene,TRUE,4
MEPR 4N,MEPR,2000,N,"2,3,5-TriMethylNaphthalene",TRUE,3
MEPR 4N,MEPR,2000,N,Fluorene,TRUE,4
MEPR 4N,MEPR,2000,N,Phenanthrene,FALSE,12
MEPR 4N,MEPR,2000,N,Anthracene,TRUE,2
MEPR 4N,MEPR,2000,N,1-MethylPhenanthrene,TRUE,4
MEPR 4N,MEPR,2000,N,Fluoranthene,FALSE,61
MEPR 4N,MEPR,2000,N,Pyrene,FALSE,43
MEPR 4N,MEPR,2000,N,Benzo(a)Anthracene,FALSE,8
MEPR 4N,MEPR,2000,N,Chrysene,FALSE,20
MEPR 4N,MEPR,2000,N,Benzo(b+k)fluoranthene,NA,NA
MEPR 4N,MEPR,2000,N,Benzo(b)Fluoranthene,FALSE,9
MEPR 4N,MEPR,2000,N,Benzo(k)Fluoranthene,FALSE,10
MEPR 4N,MEPR,2000,N,Benzo(e)Pyrene,FALSE,15
MEPR 4N,MEPR,2000,N,Benzo(a)Pyrene,FALSE,5
MEPR 4N,MEPR,2000,N,Perylene,FALSE,8
MEPR 4N,MEPR,2000,N,"Indeno(1,2,3-cd)Pyrene",FALSE,5
MEPR 4N,MEPR,2000,N,"Dibenzo(a,h)Anthracene",TRUE,4
MEPR 4N,MEPR,2000,N,"Benzo(g,h,i)Perylene",FALSE,6
MEPR 4N,MEPR,2000,N,Total,FALSE,224
MERY1N,MERY,1993,N,Naphthalene,TRUE,30
MERY1N,MERY,1993,N,1-MethylNaphthalene,TRUE,30
MERY1N,MERY,1993,N,2-MethylNaphthalene,TRUE,30
MERY1N,MERY,1993,N,Biphenyl,TRUE,20
MERY1N,MERY,1993,N,"2,6-DiMethylNaphthalene",TRUE,20
MERY1N,MERY,1993,N,Acenaphthylene,TRUE,10
MERY1N,MERY,1993,N,Acenaphthene,TRUE,10
MERY1N,MERY,1993,N,"2,3,5-TriMethylNaphthalene",TRUE,20
MERY1N,MERY,1993,N,Fluorene,TRUE,10
MERY1N,MERY,1993,N,Phenanthrene,TRUE,10
MERY1N,MERY,1993,N,Anthracene,TRUE,10
MERY1N,MERY,1993,N,1-MethylPhenanthrene,TRUE,10
MERY1N,MERY,1993,N,Fluoranthene,FALSE,38
MERY1N,MERY,1993,N,Pyrene,FALSE,38
MERY1N,MERY,1993,N,Benzo(a)Anthracene,TRUE,10
MERY1N,MERY,1993,N,Chrysene,FALSE,14
MERY1N,MERY,1993,N,Benzo(b+k)fluoranthene,FALSE,20
MERY1N,MERY,1993,N,Benzo(b)Fluoranthene,NA,NA
MERY1N,MERY,1993,N,Benzo(k)Fluoranthene,NA,NA
MERY1N,MERY,1993,N,Benzo(e)Pyrene,FALSE,14
MERY1N,MERY,1993,N,Benzo(a)Pyrene,TRUE,10
MERY1N,MERY,1993,N,Perylene,TRUE,10
MERY1N,MERY,1993,N,"Indeno(1,2,3-cd)Pyrene",TRUE,10
MERY1N,MERY,1993,N,"Dibenzo(a,h)Anthracene",TRUE,10
MERY1N,MERY,1993,N,"Benzo(g,h,i)Perylene",TRUE,10
MERY1N,MERY,1993,N,Total,FALSE,124
MERY2N,MERY,1993,N,Naphthalene,TRUE,30
MERY2N,MERY,1993,N,1-MethylNaphthalene,TRUE,30
MERY2N,MERY,1993,N,2-MethylNaphthalene,TRUE,30
MERY2N,MERY,1993,N,Biphenyl,TRUE,20
MERY2N,MERY,1993,N,"2,6-DiMethylNaphthalene",TRUE,20
MERY2N,MERY,1993,N,Acenaphthylene,TRUE,10
MERY2N,MERY,1993,N,Acenaphthene,TRUE,10
MERY2N,MERY,1993,N,"2,3,5-TriMethylNaphthalene",TRUE,20
MERY2N,MERY,1993,N,Fluorene,TRUE,10
MERY2N,MERY,1993,N,Phenanthrene,TRUE,10
MERY2N,MERY,1993,N,Anthracene,TRUE,10
MERY2N,MERY,1993,N,1-MethylPhenanthrene,TRUE,10
MERY2N,MERY,1993,N,Fluoranthene,TRUE,10
MERY2N,MERY,1993,N,Pyrene,TRUE,10
MERY2N,MERY,1993,N,Benzo(a)Anthracene,TRUE,10
MERY2N,MERY,1993,N,Chrysene,TRUE,10
MERY2N,MERY,1993,N,Benzo(b+k)fluoranthene,TRUE,10
MERY2N,MERY,1993,N,Benzo(b)Fluoranthene,NA,NA
MERY2N,MERY,1993,N,Benzo(k)Fluoranthene,NA,NA
MERY2N,MERY,1993,N,Benzo(e)Pyrene,TRUE,10
MERY2N,MERY,1993,N,Benzo(a)Pyrene,TRUE,10
MERY2N,MERY,1993,N,Perylene,TRUE,10
MERY2N,MERY,1993,N,"Indeno(1,2,3-cd)Pyrene",TRUE,10
MERY2N,MERY,1993,N,"Dibenzo(a,h)Anthracene",TRUE,10
MERY2N,MERY,1993,N,"Benzo(g,h,i)Perylene",TRUE,10
MERY2N,MERY,1993,N,Total,TRUE,NA
MERY3N,MERY,1993,N,Naphthalene,TRUE,30
MERY3N,MERY,1993,N,1-MethylNaphthalene,TRUE,30
MERY3N,MERY,1993,N,2-MethylNaphthalene,TRUE,30
MERY3N,MERY,1993,N,Biphenyl,TRUE,20
MERY3N,MERY,1993,N,"2,6-DiMethylNaphthalene",TRUE,20
MERY3N,MERY,1993,N,Acenaphthylene,TRUE,10
MERY3N,MERY,1993,N,Acenaphthene,TRUE,10
MERY3N,MERY,1993,N,"2,3,5-TriMethylNaphthalene",TRUE,20
MERY3N,MERY,1993,N,Fluorene,TRUE,10
MERY3N,MERY,1993,N,Phenanthrene,TRUE,10
MERY3N,MERY,1993,N,Anthracene,TRUE,10
MERY3N,MERY,1993,N,1-MethylPhenanthrene,TRUE,10
MERY3N,MERY,1993,N,Fluoranthene,FALSE,15
MERY3N,MERY,1993,N,Pyrene,FALSE,22
MERY3N,MERY,1993,N,Benzo(a)Anthracene,TRUE,10
MERY3N,MERY,1993,N,Chrysene,FALSE,10
MERY3N,MERY,1993,N,Benzo(b+k)fluoranthene,FALSE,14
MERY3N,MERY,1993,N,Benzo(b)Fluoranthene,NA,NA
MERY3N,MERY,1993,N,Benzo(k)Fluoranthene,NA,NA
MERY3N,MERY,1993,N,Benzo(e)Pyrene,FALSE,10
MERY3N,MERY,1993,N,Benzo(a)Pyrene,TRUE,10
MERY3N,MERY,1993,N,Perylene,TRUE,10
MERY3N,MERY,1993,N,"Indeno(1,2,3-cd)Pyrene",TRUE,10
MERY3N,MERY,1993,N,"Dibenzo(a,h)Anthracene",TRUE,10
MERY3N,MERY,1993,N,"Benzo(g,h,i)Perylene",TRUE,10
MERY3N,MERY,1993,N,Total,FALSE,71
MEPR1,MEPR,1994,NA,Naphthalene,TRUE,30
MEPR1,MEPR,1994,NA,1-MethylNaphthalene,TRUE,30
MEPR1,MEPR,1994,NA,2-MethylNaphthalene,TRUE,30
MEPR1,MEPR,1994,NA,Biphenyl,TRUE,20
MEPR1,MEPR,1994,NA,"2,6-DiMethylNaphthalene",TRUE,20
MEPR1,MEPR,1994,NA,Acenaphthylene,TRUE,10
MEPR1,MEPR,1994,NA,Acenaphthene,TRUE,10
MEPR1,MEPR,1994,NA,"2,3,5-TriMethylNaphthalene",TRUE,20
MEPR1,MEPR,1994,NA,Fluorene,FALSE,10
MEPR1,MEPR,1994,NA,Phenanthrene,FALSE,33
MEPR1,MEPR,1994,NA,Anthracene,TRUE,10
MEPR1,MEPR,1994,NA,1-MethylPhenanthrene,TRUE,10
MEPR1,MEPR,1994,NA,Fluoranthene,FALSE,62
MEPR1,MEPR,1994,NA,Pyrene,FALSE,46
MEPR1,MEPR,1994,NA,Benzo(a)Anthracene,TRUE,10
MEPR1,MEPR,1994,NA,Chrysene,FALSE,27
MEPR1,MEPR,1994,NA,Benzo(b+k)fluoranthene,FALSE,32
MEPR1,MEPR,1994,NA,Benzo(b)Fluoranthene,NA,NA
MEPR1,MEPR,1994,NA,Benzo(k)Fluoranthene,NA,NA
MEPR1,MEPR,1994,NA,Benzo(e)Pyrene,FALSE,17
MEPR1,MEPR,1994,NA,Benzo(a)Pyrene,TRUE,10
MEPR1,MEPR,1994,NA,Perylene,TRUE,10
MEPR1,MEPR,1994,NA,"Indeno(1,2,3-cd)Pyrene",TRUE,10
MEPR1,MEPR,1994,NA,"Dibenzo(a,h)Anthracene",TRUE,10
MEPR1,MEPR,1994,NA,"Benzo(g,h,i)Perylene",TRUE,10
MEPR1,MEPR,1994,NA,Total,FALSE,227
MEPR2,MEPR,1994,NA,Naphthalene,TRUE,30
MEPR2,MEPR,1994,NA,1-MethylNaphthalene,TRUE,30
MEPR2,MEPR,1994,NA,2-MethylNaphthalene,TRUE,30
MEPR2,MEPR,1994,NA,Biphenyl,TRUE,20
MEPR2,MEPR,1994,NA,"2,6-DiMethylNaphthalene",FALSE,23
MEPR2,MEPR,1994,NA,Acenaphthylene,TRUE,10
MEPR2,MEPR,1994,NA,Acenaphthene,TRUE,10
MEPR2,MEPR,1994,NA,"2,3,5-TriMethylNaphthalene",FALSE,24
MEPR2,MEPR,1994,NA,Fluorene,FALSE,10
MEPR2,MEPR,1994,NA,Phenanthrene,FALSE,31
MEPR2,MEPR,1994,NA,Anthracene,TRUE,10
MEPR2,MEPR,1994,NA,1-MethylPhenanthrene,TRUE,10
MEPR2,MEPR,1994,NA,Fluoranthene,FALSE,65
MEPR2,MEPR,1994,NA,Pyrene,FALSE,48
MEPR2,MEPR,1994,NA,Benzo(a)Anthracene,TRUE,10
MEPR2,MEPR,1994,NA,Chrysene,FALSE,31
MEPR2,MEPR,1994,NA,Benzo(b+k)fluoranthene,FALSE,32
MEPR2,MEPR,1994,NA,Benzo(b)Fluoranthene,NA,NA
MEPR2,MEPR,1994,NA,Benzo(k)Fluoranthene,NA,NA
MEPR2,MEPR,1994,NA,Benzo(e)Pyrene,FALSE,20
MEPR2,MEPR,1994,NA,Benzo(a)Pyrene,FALSE,10
MEPR2,MEPR,1994,NA,Perylene,TRUE,10
MEPR2,MEPR,1994,NA,"Indeno(1,2,3-cd)Pyrene",TRUE,10
MEPR2,MEPR,1994,NA,"Dibenzo(a,h)Anthracene",TRUE,10
MEPR2,MEPR,1994,NA,"Benzo(g,h,i)Perylene",TRUE,10
MEPR2,MEPR,1994,NA,Total,FALSE,294
MEPR3,MEPR,1994,NA,Naphthalene,TRUE,30
MEPR3,MEPR,1994,NA,1-MethylNaphthalene,TRUE,30
MEPR3,MEPR,1994,NA,2-MethylNaphthalene,TRUE,30
MEPR3,MEPR,1994,NA,Biphenyl,TRUE,20
MEPR3,MEPR,1994,NA,"2,6-DiMethylNaphthalene",TRUE,20
MEPR3,MEPR,1994,NA,Acenaphthylene,FALSE,11
MEPR3,MEPR,1994,NA,Acenaphthene,TRUE,10
MEPR3,MEPR,1994,NA,"2,3,5-TriMethylNaphthalene",TRUE,20
MEPR3,MEPR,1994,NA,Fluorene,TRUE,10
MEPR3,MEPR,1994,NA,Phenanthrene,FALSE,26
MEPR3,MEPR,1994,NA,Anthracene,TRUE,10
MEPR3,MEPR,1994,NA,1-MethylPhenanthrene,FALSE,14
MEPR3,MEPR,1994,NA,Fluoranthene,FALSE,57
MEPR3,MEPR,1994,NA,Pyrene,FALSE,42
MEPR3,MEPR,1994,NA,Benzo(a)Anthracene,TRUE,10
MEPR3,MEPR,1994,NA,Chrysene,FALSE,27
MEPR3,MEPR,1994,NA,Benzo(b+k)fluoranthene,FALSE,28
MEPR3,MEPR,1994,NA,Benzo(b)Fluoranthene,NA,NA
MEPR3,MEPR,1994,NA,Benzo(k)Fluoranthene,NA,NA
MEPR3,MEPR,1994,NA,Benzo(e)Pyrene,FALSE,17
MEPR3,MEPR,1994,NA,Benzo(a)Pyrene,TRUE,10
MEPR3,MEPR,1994,NA,Perylene,TRUE,10
MEPR3,MEPR,1994,NA,"Indeno(1,2,3-cd)Pyrene",TRUE,10
MEPR3,MEPR,1994,NA,"Dibenzo(a,h)Anthracene",TRUE,10
MEPR3,MEPR,1994,NA,"Benzo(g,h,i)Perylene",TRUE,10
MEPR3,MEPR,1994,NA,Total,FALSE,222
MEPR4,MEPR,1994,NA,Naphthalene,TRUE,30
MEPR4,MEPR,1994,NA,1-MethylNaphthalene,TRUE,30
MEPR4,MEPR,1994,NA,2-MethylNaphthalene,TRUE,30
MEPR4,MEPR,1994,NA,Biphenyl,TRUE,20
MEPR4,MEPR,1994,NA,"2,6-DiMethylNaphthalene",TRUE,20
MEPR4,MEPR,1994,NA,Acenaphthylene,TRUE,10
MEPR4,MEPR,1994,NA,Acenaphthene,TRUE,10
MEPR4,MEPR,1994,NA,"2,3,5-TriMethylNaphthalene",TRUE,20
MEPR4,MEPR,1994,NA,Fluorene,TRUE,10
MEPR4,MEPR,1994,NA,Phenanthrene,FALSE,22
MEPR4,MEPR,1994,NA,Anthracene,TRUE,10
MEPR4,MEPR,1994,NA,1-MethylPhenanthrene,TRUE,10
MEPR4,MEPR,1994,NA,Fluoranthene,FALSE,48
MEPR4,MEPR,1994,NA,Pyrene,FALSE,36
MEPR4,MEPR,1994,NA,Benzo(a)Anthracene,TRUE,10
MEPR4,MEPR,1994,NA,Chrysene,FALSE,20
MEPR4,MEPR,1994,NA,Benzo(b+k)fluoranthene,FALSE,21
MEPR4,MEPR,1994,NA,Benzo(b)Fluoranthene,NA,NA
MEPR4,MEPR,1994,NA,Benzo(k)Fluoranthene,NA,NA
MEPR4,MEPR,1994,NA,Benzo(e)Pyrene,FALSE,13
MEPR4,MEPR,1994,NA,Benzo(a)Pyrene,TRUE,10
MEPR4,MEPR,1994,NA,Perylene,TRUE,10
MEPR4,MEPR,1994,NA,"Indeno(1,2,3-cd)Pyrene",TRUE,10
MEPR4,MEPR,1994,NA,"Dibenzo(a,h)Anthracene",TRUE,10
MEPR4,MEPR,1994,NA,"Benzo(g,h,i)Perylene",TRUE,10
MEPR4,MEPR,1994,NA,Total,FALSE,160
MEPH1,MEPH,1994,NA,Naphthalene,TRUE,30
MEPH1,MEPH,1994,NA,1-MethylNaphthalene,TRUE,30
MEPH1,MEPH,1994,NA,2-MethylNaphthalene,TRUE,30
MEPH1,MEPH,1994,NA,Biphenyl,TRUE,20
MEPH1,MEPH,1994,NA,"2,6-DiMethylNaphthalene",TRUE,20
MEPH1,MEPH,1994,NA,Acenaphthylene,FALSE,11
MEPH1,MEPH,1994,NA,Acenaphthene,FALSE,10
MEPH1,MEPH,1994,NA,"2,3,5-TriMethylNaphthalene",FALSE,20
MEPH1,MEPH,1994,NA,Fluorene,FALSE,10
MEPH1,MEPH,1994,NA,Phenanthrene,FALSE,51
MEPH1,MEPH,1994,NA,Anthracene,FALSE,19
MEPH1,MEPH,1994,NA,1-MethylPhenanthrene,FALSE,33
MEPH1,MEPH,1994,NA,Fluoranthene,FALSE,345
MEPH1,MEPH,1994,NA,Pyrene,FALSE,279
MEPH1,MEPH,1994,NA,Benzo(a)Anthracene,FALSE,89
MEPH1,MEPH,1994,NA,Chrysene,FALSE,167
MEPH1,MEPH,1994,NA,Benzo(b+k)fluoranthene,FALSE,203
MEPH1,MEPH,1994,NA,Benzo(b)Fluoranthene,NA,NA
MEPH1,MEPH,1994,NA,Benzo(k)Fluoranthene,NA,NA
MEPH1,MEPH,1994,NA,Benzo(e)Pyrene,FALSE,129
MEPH1,MEPH,1994,NA,Benzo(a)Pyrene,FALSE,32
MEPH1,MEPH,1994,NA,Perylene,FALSE,14
MEPH1,MEPH,1994,NA,"Indeno(1,2,3-cd)Pyrene",FALSE,25
MEPH1,MEPH,1994,NA,"Dibenzo(a,h)Anthracene",TRUE,10
MEPH1,MEPH,1994,NA,"Benzo(g,h,i)Perylene",FALSE,25
MEPH1,MEPH,1994,NA,Total,FALSE,1462
MEPH2,MEPH,1994,NA,Naphthalene,TRUE,30
MEPH2,MEPH,1994,NA,1-MethylNaphthalene,TRUE,30
MEPH2,MEPH,1994,NA,2-MethylNaphthalene,TRUE,30
MEPH2,MEPH,1994,NA,Biphenyl,TRUE,20
MEPH2,MEPH,1994,NA,"2,6-DiMethylNaphthalene",FALSE,20
MEPH2,MEPH,1994,NA,Acenaphthylene,TRUE,10
MEPH2,MEPH,1994,NA,Acenaphthene,FALSE,12
MEPH2,MEPH,1994,NA,"2,3,5-TriMethylNaphthalene",FALSE,26
MEPH2,MEPH,1994,NA,Fluorene,FALSE,12
MEPH2,MEPH,1994,NA,Phenanthrene,FALSE,43
MEPH2,MEPH,1994,NA,Anthracene,FALSE,14
MEPH2,MEPH,1994,NA,1-MethylPhenanthrene,FALSE,31
MEPH2,MEPH,1994,NA,Fluoranthene,FALSE,228
MEPH2,MEPH,1994,NA,Pyrene,FALSE,177
MEPH2,MEPH,1994,NA,Benzo(a)Anthracene,FALSE,47
MEPH2,MEPH,1994,NA,Chrysene,FALSE,95
MEPH2,MEPH,1994,NA,Benzo(b+k)fluoranthene,FALSE,120
MEPH2,MEPH,1994,NA,Benzo(b)Fluoranthene,NA,NA
MEPH2,MEPH,1994,NA,Benzo(k)Fluoranthene,NA,NA
MEPH2,MEPH,1994,NA,Benzo(e)Pyrene,FALSE,75
MEPH2,MEPH,1994,NA,Benzo(a)Pyrene,FALSE,22
MEPH2,MEPH,1994,NA,Perylene,TRUE,10
MEPH2,MEPH,1994,NA,"Indeno(1,2,3-cd)Pyrene",FALSE,20
MEPH2,MEPH,1994,NA,"Dibenzo(a,h)Anthracene",TRUE,10
MEPH2,MEPH,1994,NA,"Benzo(g,h,i)Perylene",FALSE,18
MEPH2,MEPH,1994,NA,Total,FALSE,960
MEPH3,MEPH,1994,NA,Naphthalene,TRUE,30
MEPH3,MEPH,1994,NA,1-MethylNaphthalene,TRUE,30
MEPH3,MEPH,1994,NA,2-MethylNaphthalene,TRUE,30
MEPH3,MEPH,1994,NA,Biphenyl,TRUE,20
MEPH3,MEPH,1994,NA,"2,6-DiMethylNaphthalene",FALSE,21
MEPH3,MEPH,1994,NA,Acenaphthylene,FALSE,10
MEPH3,MEPH,1994,NA,Acenaphthene,FALSE,12
MEPH3,MEPH,1994,NA,"2,3,5-TriMethylNaphthalene",FALSE,30
MEPH3,MEPH,1994,NA,Fluorene,FALSE,13
MEPH3,MEPH,1994,NA,Phenanthrene,FALSE,44
MEPH3,MEPH,1994,NA,Anthracene,FALSE,10
MEPH3,MEPH,1994,NA,1-MethylPhenanthrene,FALSE,30
MEPH3,MEPH,1994,NA,Fluoranthene,FALSE,294
MEPH3,MEPH,1994,NA,Pyrene,FALSE,239
MEPH3,MEPH,1994,NA,Benzo(a)Anthracene,FALSE,69
MEPH3,MEPH,1994,NA,Chrysene,FALSE,137
MEPH3,MEPH,1994,NA,Benzo(b+k)fluoranthene,FALSE,183
MEPH3,MEPH,1994,NA,Benzo(b)Fluoranthene,NA,NA
MEPH3,MEPH,1994,NA,Benzo(k)Fluoranthene,NA,NA
MEPH3,MEPH,1994,NA,Benzo(e)Pyrene,FALSE,116
MEPH3,MEPH,1994,NA,Benzo(a)Pyrene,FALSE,32
MEPH3,MEPH,1994,NA,Perylene,FALSE,14
MEPH3,MEPH,1994,NA,"Indeno(1,2,3-cd)Pyrene",FALSE,30
MEPH3,MEPH,1994,NA,"Dibenzo(a,h)Anthracene",TRUE,10
MEPH3,MEPH,1994,NA,"Benzo(g,h,i)Perylene",FALSE,27
MEPH3,MEPH,1994,NA,Total,FALSE,1311
MEPH4,MEPH,1994,NA,Naphthalene,TRUE,30
MEPH4,MEPH,1994,NA,1-MethylNaphthalene,TRUE,30
MEPH4,MEPH,1994,NA,2-MethylNaphthalene,TRUE,30
MEPH4,MEPH,1994,NA,Biphenyl,TRUE,20
MEPH4,MEPH,1994,NA,"2,6-DiMethylNaphthalene",TRUE,20
MEPH4,MEPH,1994,NA,Acenaphthylene,TRUE,10
MEPH4,MEPH,1994,NA,Acenaphthene,FALSE,11
MEPH4,MEPH,1994,NA,"2,3,5-TriMethylNaphthalene",FALSE,22
MEPH4,MEPH,1994,NA,Fluorene,FALSE,10
MEPH4,MEPH,1994,NA,Phenanthrene,FALSE,35
MEPH4,MEPH,1994,NA,Anthracene,FALSE,11
MEPH4,MEPH,1994,NA,1-MethylPhenanthrene,FALSE,18
MEPH4,MEPH,1994,NA,Fluoranthene,FALSE,148
MEPH4,MEPH,1994,NA,Pyrene,FALSE,116
MEPH4,MEPH,1994,NA,Benzo(a)Anthracene,FALSE,34
MEPH4,MEPH,1994,NA,Chrysene,FALSE,67
MEPH4,MEPH,1994,NA,Benzo(b+k)fluoranthene,FALSE,89
MEPH4,MEPH,1994,NA,Benzo(b)Fluoranthene,NA,NA
MEPH4,MEPH,1994,NA,Benzo(k)Fluoranthene,NA,NA
MEPH4,MEPH,1994,NA,Benzo(e)Pyrene,FALSE,53
MEPH4,MEPH,1994,NA,Benzo(a)Pyrene,FALSE,17
MEPH4,MEPH,1994,NA,Perylene,TRUE,10
MEPH4,MEPH,1994,NA,"Indeno(1,2,3-cd)Pyrene",FALSE,17
MEPH4,MEPH,1994,NA,"Dibenzo(a,h)Anthracene",TRUE,10
MEPH4,MEPH,1994,NA,"Benzo(g,h,i)Perylene",FALSE,13
MEPH4,MEPH,1994,NA,Total,FALSE,661
95MEBC1,MEBC,1995,P,Naphthalene,TRUE,30
95MEBC1,MEBC,1995,P,1-MethylNaphthalene,TRUE,30
95MEBC1,MEBC,1995,P,2-MethylNaphthalene,TRUE,30
95MEBC1,MEBC,1995,P,Biphenyl,TRUE,20
95MEBC1,MEBC,1995,P,"2,6-DiMethylNaphthalene",TRUE,20
95MEBC1,MEBC,1995,P,Acenaphthylene,TRUE,10
95MEBC1,MEBC,1995,P,Acenaphthene,TRUE,10
95MEBC1,MEBC,1995,P,"2,3,5-TriMethylNaphthalene",TRUE,20
95MEBC1,MEBC,1995,P,Fluorene,TRUE,10
95MEBC1,MEBC,1995,P,Phenanthrene,TRUE,10
95MEBC1,MEBC,1995,P,Anthracene,TRUE,10
95MEBC1,MEBC,1995,P,1-MethylPhenanthrene,TRUE,10
95MEBC1,MEBC,1995,P,Fluoranthene,FALSE,11
95MEBC1,MEBC,1995,P,Pyrene,TRUE,10
95MEBC1,MEBC,1995,P,Benzo(a)Anthracene,TRUE,10
95MEBC1,MEBC,1995,P,Chrysene,TRUE,10
95MEBC1,MEBC,1995,P,Benzo(b+k)fluoranthene,TRUE,10
95MEBC1,MEBC,1995,P,Benzo(b)Fluoranthene,NA,NA
95MEBC1,MEBC,1995,P,Benzo(k)Fluoranthene,NA,NA
95MEBC1,MEBC,1995,P,Benzo(e)Pyrene,TRUE,10
95MEBC1,MEBC,1995,P,Benzo(a)Pyrene,TRUE,10
95MEBC1,MEBC,1995,P,Perylene,TRUE,10
95MEBC1,MEBC,1995,P,"Indeno(1,2,3-cd)Pyrene",TRUE,10
95MEBC1,MEBC,1995,P,"Dibenzo(a,h)Anthracene",TRUE,10
95MEBC1,MEBC,1995,P,"Benzo(g,h,i)Perylene",TRUE,10
95MEBC1,MEBC,1995,P,Total,FALSE,11
95MEBC2,MEBC,1995,P,Naphthalene,TRUE,30
95MEBC2,MEBC,1995,P,1-MethylNaphthalene,TRUE,30
95MEBC2,MEBC,1995,P,2-MethylNaphthalene,TRUE,30
95MEBC2,MEBC,1995,P,Biphenyl,TRUE,20
95MEBC2,MEBC,1995,P,"2,6-DiMethylNaphthalene",TRUE,20
95MEBC2,MEBC,1995,P,Acenaphthylene,TRUE,10
95MEBC2,MEBC,1995,P,Acenaphthene,TRUE,10
95MEBC2,MEBC,1995,P,"2,3,5-TriMethylNaphthalene",TRUE,20
95MEBC2,MEBC,1995,P,Fluorene,TRUE,10
95MEBC2,MEBC,1995,P,Phenanthrene,TRUE,10
95MEBC2,MEBC,1995,P,Anthracene,TRUE,10
95MEBC2,MEBC,1995,P,1-MethylPhenanthrene,TRUE,10
95MEBC2,MEBC,1995,P,Fluoranthene,TRUE,10
95MEBC2,MEBC,1995,P,Pyrene,TRUE,10
95MEBC2,MEBC,1995,P,Benzo(a)Anthracene,TRUE,10
95MEBC2,MEBC,1995,P,Chrysene,TRUE,10
95MEBC2,MEBC,1995,P,Benzo(b+k)fluoranthene,TRUE,10
95MEBC2,MEBC,1995,P,Benzo(b)Fluoranthene,NA,NA
95MEBC2,MEBC,1995,P,Benzo(k)Fluoranthene,NA,NA
95MEBC2,MEBC,1995,P,Benzo(e)Pyrene,TRUE,10
95MEBC2,MEBC,1995,P,Benzo(a)Pyrene,TRUE,10
95MEBC2,MEBC,1995,P,Perylene,TRUE,10
95MEBC2,MEBC,1995,P,"Indeno(1,2,3-cd)Pyrene",TRUE,10
95MEBC2,MEBC,1995,P,"Dibenzo(a,h)Anthracene",TRUE,10
95MEBC2,MEBC,1995,P,"Benzo(g,h,i)Perylene",TRUE,10
95MEBC2,MEBC,1995,P,Total,TRUE,NA
95MEBC3,MEBC,1995,P,Naphthalene,TRUE,30
95MEBC3,MEBC,1995,P,1-MethylNaphthalene,TRUE,30
95MEBC3,MEBC,1995,P,2-MethylNaphthalene,TRUE,30
95MEBC3,MEBC,1995,P,Biphenyl,TRUE,20
95MEBC3,MEBC,1995,P,"2,6-DiMethylNaphthalene",TRUE,20
95MEBC3,MEBC,1995,P,Acenaphthylene,TRUE,10
95MEBC3,MEBC,1995,P,Acenaphthene,TRUE,10
95MEBC3,MEBC,1995,P,"2,3,5-TriMethylNaphthalene",TRUE,20
95MEBC3,MEBC,1995,P,Fluorene,TRUE,10
95MEBC3,MEBC,1995,P,Phenanthrene,TRUE,10
95MEBC3,MEBC,1995,P,Anthracene,TRUE,10
95MEBC3,MEBC,1995,P,1-MethylPhenanthrene,TRUE,10
95MEBC3,MEBC,1995,P,Fluoranthene,FALSE,11
95MEBC3,MEBC,1995,P,Pyrene,TRUE,10
95MEBC3,MEBC,1995,P,Benzo(a)Anthracene,TRUE,10
95MEBC3,MEBC,1995,P,Chrysene,TRUE,10
95MEBC3,MEBC,1995,P,Benzo(b+k)fluoranthene,TRUE,10
95MEBC3,MEBC,1995,P,Benzo(b)Fluoranthene,NA,NA
95MEBC3,MEBC,1995,P,Benzo(k)Fluoranthene,NA,NA
95MEBC3,MEBC,1995,P,Benzo(e)Pyrene,TRUE,10
95MEBC3,MEBC,1995,P,Benzo(a)Pyrene,TRUE,10
95MEBC3,MEBC,1995,P,Perylene,TRUE,10
95MEBC3,MEBC,1995,P,"Indeno(1,2,3-cd)Pyrene",TRUE,10
95MEBC3,MEBC,1995,P,"Dibenzo(a,h)Anthracene",TRUE,10
95MEBC3,MEBC,1995,P,"Benzo(g,h,i)Perylene",TRUE,10
95MEBC3,MEBC,1995,P,Total,FALSE,11
95MEBC4,MEBC,1995,NA,Naphthalene,TRUE,30
95MEBC4,MEBC,1995,NA,1-MethylNaphthalene,TRUE,30
95MEBC4,MEBC,1995,NA,2-MethylNaphthalene,TRUE,30
95MEBC4,MEBC,1995,NA,Biphenyl,TRUE,20
95MEBC4,MEBC,1995,NA,"2,6-DiMethylNaphthalene",TRUE,20
95MEBC4,MEBC,1995,NA,Acenaphthylene,TRUE,10
95MEBC4,MEBC,1995,NA,Acenaphthene,TRUE,10
95MEBC4,MEBC,1995,NA,"2,3,5-TriMethylNaphthalene",TRUE,20
95MEBC4,MEBC,1995,NA,Fluorene,TRUE,10
95MEBC4,MEBC,1995,NA,Phenanthrene,TRUE,10
95MEBC4,MEBC,1995,NA,Anthracene,TRUE,10
95MEBC4,MEBC,1995,NA,1-MethylPhenanthrene,TRUE,10
95MEBC4,MEBC,1995,NA,Fluoranthene,TRUE,10
95MEBC4,MEBC,1995,NA,Pyrene,TRUE,10
95MEBC4,MEBC,1995,NA,Benzo(a)Anthracene,TRUE,10
95MEBC4,MEBC,1995,NA,Chrysene,TRUE,10
95MEBC4,MEBC,1995,NA,Benzo(b+k)fluoranthene,TRUE,10
95MEBC4,MEBC,1995,NA,Benzo(b)Fluoranthene,NA,NA
95MEBC4,MEBC,1995,NA,Benzo(k)Fluoranthene,NA,NA
95MEBC4,MEBC,1995,NA,Benzo(e)Pyrene,TRUE,10
95MEBC4,MEBC,1995,NA,Benzo(a)Pyrene,TRUE,10
95MEBC4,MEBC,1995,NA,Perylene,TRUE,10
95MEBC4,MEBC,1995,NA,"Indeno(1,2,3-cd)Pyrene",TRUE,10
95MEBC4,MEBC,1995,NA,"Dibenzo(a,h)Anthracene",TRUE,10
95MEBC4,MEBC,1995,NA,"Benzo(g,h,i)Perylene",TRUE,10
95MEBC4,MEBC,1995,NA,Total,TRUE,NA
95MEBC4_Replicate,MEBC,1995,NA,Naphthalene,TRUE,30
95MEBC4_Replicate,MEBC,1995,NA,1-MethylNaphthalene,TRUE,30
95MEBC4_Replicate,MEBC,1995,NA,2-MethylNaphthalene,TRUE,30
95MEBC4_Replicate,MEBC,1995,NA,Biphenyl,TRUE,20
95MEBC4_Replicate,MEBC,1995,NA,"2,6-DiMethylNaphthalene",TRUE,20
95MEBC4_Replicate,MEBC,1995,NA,Acenaphthylene,TRUE,10
95MEBC4_Replicate,MEBC,1995,NA,Acenaphthene,TRUE,10
95MEBC4_Replicate,MEBC,1995,NA,"2,3,5-TriMethylNaphthalene",TRUE,20
95MEBC4_Replicate,MEBC,1995,NA,Fluorene,TRUE,10
95MEBC4_Replicate,MEBC,1995,NA,Phenanthrene,TRUE,10
95MEBC4_Replicate,MEBC,1995,NA,Anthracene,TRUE,10
95MEBC4_Replicate,MEBC,1995,NA,1-MethylPhenanthrene,TRUE,10
95MEBC4_Replicate,MEBC,1995,NA,Fluoranthene,TRUE,10
95MEBC4_Replicate,MEBC,1995,NA,Pyrene,TRUE,10
95MEBC4_Replicate,MEBC,1995,NA,Benzo(a)Anthracene,TRUE,10
95MEBC4_Replicate,MEBC,1995,NA,Chrysene,TRUE,10
95MEBC4_Replicate,MEBC,1995,NA,Benzo(b+k)fluoranthene,TRUE,10
95MEBC4_Replicate,MEBC,1995,NA,Benzo(b)Fluoranthene,NA,NA
95MEBC4_Replicate,MEBC,1995,NA,Benzo(k)Fluoranthene,NA,NA
95MEBC4_Replicate,MEBC,1995,NA,Benzo(e)Pyrene,TRUE,10
95MEBC4_Replicate,MEBC,1995,NA,Benzo(a)Pyrene,TRUE,10
95MEBC4_Replicate,MEBC,1995,NA,Perylene,TRUE,10
95MEBC4_Replicate,MEBC,1995,NA,"Indeno(1,2,3-cd)Pyrene",TRUE,10
95MEBC4_Replicate,MEBC,1995,NA,"Dibenzo(a,h)Anthracene",TRUE,10
95MEBC4_Replicate,MEBC,1995,NA,"Benzo(g,h,i)Perylene",TRUE,10
95MEBC4_Replicate,MEBC,1995,NA,Total,TRUE,NA
MERY 1,MERY,1999,NA,Naphthalene,FALSE,12.4
MERY 1,MERY,1999,NA,1-MethylNaphthalene,FALSE,4.9
MERY 1,MERY,1999,NA,2-MethylNaphthalene,FALSE,8.8
MERY 1,MERY,1999,NA,Biphenyl,TRUE,3
MERY 1,MERY,1999,NA,"2,6-DiMethylNaphthalene",TRUE,4
MERY 1,MERY,1999,NA,Acenaphthylene,TRUE,4
MERY 1,MERY,1999,NA,Acenaphthene,TRUE,4
MERY 1,MERY,1999,NA,"2,3,5-TriMethylNaphthalene",TRUE,3
MERY 1,MERY,1999,NA,Fluorene,TRUE,4
MERY 1,MERY,1999,NA,Phenanthrene,FALSE,2.7
MERY 1,MERY,1999,NA,Anthracene,TRUE,2
MERY 1,MERY,1999,NA,1-MethylPhenanthrene,TRUE,4
MERY 1,MERY,1999,NA,Fluoranthene,FALSE,19
MERY 1,MERY,1999,NA,Pyrene,FALSE,17.6
MERY 1,MERY,1999,NA,Benzo(a)Anthracene,FALSE,4.1
MERY 1,MERY,1999,NA,Chrysene,FALSE,9.9
MERY 1,MERY,1999,NA,Benzo(b+k)fluoranthene,NA,NA
MERY 1,MERY,1999,NA,Benzo(b)Fluoranthene,TRUE,8
MERY 1,MERY,1999,NA,Benzo(k)Fluoranthene,TRUE,2
MERY 1,MERY,1999,NA,Benzo(e)Pyrene,FALSE,7.9
MERY 1,MERY,1999,NA,Benzo(a)Pyrene,TRUE,3
MERY 1,MERY,1999,NA,Perylene,FALSE,14.5
MERY 1,MERY,1999,NA,"Indeno(1,2,3-cd)Pyrene",TRUE,4
MERY 1,MERY,1999,NA,"Dibenzo(a,h)Anthracene",TRUE,4
MERY 1,MERY,1999,NA,"Benzo(g,h,i)Perylene",FALSE,3.6
MERY 1,MERY,1999,NA,Total,FALSE,105
MERY 2,MERY,1999,NA,Naphthalene,FALSE,12.8
MERY 2,MERY,1999,NA,1-MethylNaphthalene,FALSE,6
MERY 2,MERY,1999,NA,2-MethylNaphthalene,FALSE,9.7
MERY 2,MERY,1999,NA,Biphenyl,TRUE,3
MERY 2,MERY,1999,NA,"2,6-DiMethylNaphthalene",TRUE,4
MERY 2,MERY,1999,NA,Acenaphthylene,TRUE,4
MERY 2,MERY,1999,NA,Acenaphthene,TRUE,4
MERY 2,MERY,1999,NA,"2,3,5-TriMethylNaphthalene",TRUE,3
MERY 2,MERY,1999,NA,Fluorene,TRUE,4
MERY 2,MERY,1999,NA,Phenanthrene,TRUE,2
MERY 2,MERY,1999,NA,Anthracene,TRUE,2
MERY 2,MERY,1999,NA,1-MethylPhenanthrene,TRUE,4
MERY 2,MERY,1999,NA,Fluoranthene,FALSE,9.5
MERY 2,MERY,1999,NA,Pyrene,FALSE,9.3
MERY 2,MERY,1999,NA,Benzo(a)Anthracene,FALSE,2.3
MERY 2,MERY,1999,NA,Chrysene,FALSE,4.6
MERY 2,MERY,1999,NA,Benzo(b+k)fluoranthene,NA,NA
MERY 2,MERY,1999,NA,Benzo(b)Fluoranthene,TRUE,8
MERY 2,MERY,1999,NA,Benzo(k)Fluoranthene,FALSE,2.5
MERY 2,MERY,1999,NA,Benzo(e)Pyrene,FALSE,3.7
MERY 2,MERY,1999,NA,Benzo(a)Pyrene,TRUE,3
MERY 2,MERY,1999,NA,Perylene,FALSE,7.7
MERY 2,MERY,1999,NA,"Indeno(1,2,3-cd)Pyrene",TRUE,4
MERY 2,MERY,1999,NA,"Dibenzo(a,h)Anthracene",TRUE,4
MERY 2,MERY,1999,NA,"Benzo(g,h,i)Perylene",FALSE,2.3
MERY 2,MERY,1999,NA,Total,FALSE,70
MERY 3,MERY,1999,NA,Naphthalene,FALSE,11.2
MERY 3,MERY,1999,NA,1-MethylNaphthalene,FALSE,3.9
MERY 3,MERY,1999,NA,2-MethylNaphthalene,FALSE,7
MERY 3,MERY,1999,NA,Biphenyl,TRUE,3
MERY 3,MERY,1999,NA,"2,6-DiMethylNaphthalene",TRUE,4
MERY 3,MERY,1999,NA,Acenaphthylene,TRUE,4
MERY 3,MERY,1999,NA,Acenaphthene,TRUE,4
MERY 3,MERY,1999,NA,"2,3,5-TriMethylNaphthalene",TRUE,3
MERY 3,MERY,1999,NA,Fluorene,TRUE,4
MERY 3,MERY,1999,NA,Phenanthrene,FALSE,2.4
MERY 3,MERY,1999,NA,Anthracene,TRUE,2
MERY 3,MERY,1999,NA,1-MethylPhenanthrene,TRUE,4
MERY 3,MERY,1999,NA,Fluoranthene,FALSE,17
MERY 3,MERY,1999,NA,Pyrene,FALSE,15.1
MERY 3,MERY,1999,NA,Benzo(a)Anthracene,FALSE,3.9
MERY 3,MERY,1999,NA,Chrysene,FALSE,8.1
MERY 3,MERY,1999,NA,Benzo(b+k)fluoranthene,NA,NA
MERY 3,MERY,1999,NA,Benzo(b)Fluoranthene,TRUE,8
MERY 3,MERY,1999,NA,Benzo(k)Fluoranthene,FALSE,3.6
MERY 3,MERY,1999,NA,Benzo(e)Pyrene,FALSE,5.7
MERY 3,MERY,1999,NA,Benzo(a)Pyrene,TRUE,3
MERY 3,MERY,1999,NA,Perylene,FALSE,12.6
MERY 3,MERY,1999,NA,"Indeno(1,2,3-cd)Pyrene",TRUE,4
MERY 3,MERY,1999,NA,"Dibenzo(a,h)Anthracene",TRUE,4
MERY 3,MERY,1999,NA,"Benzo(g,h,i)Perylene",FALSE,3.1
MERY 3,MERY,1999,NA,Total,FALSE,94
MERY 4,MERY,1999,NA,Naphthalene,FALSE,6.3
MERY 4,MERY,1999,NA,1-MethylNaphthalene,TRUE,3
MERY 4,MERY,1999,NA,2-MethylNaphthalene,FALSE,3.3
MERY 4,MERY,1999,NA,Biphenyl,TRUE,3
MERY 4,MERY,1999,NA,"2,6-DiMethylNaphthalene",TRUE,4
MERY 4,MERY,1999,NA,Acenaphthylene,TRUE,4
MERY 4,MERY,1999,NA,Acenaphthene,TRUE,4
MERY 4,MERY,1999,NA,"2,3,5-TriMethylNaphthalene",TRUE,3
MERY 4,MERY,1999,NA,Fluorene,TRUE,4
MERY 4,MERY,1999,NA,Phenanthrene,FALSE,2.4
MERY 4,MERY,1999,NA,Anthracene,TRUE,2
MERY 4,MERY,1999,NA,1-MethylPhenanthrene,TRUE,4
MERY 4,MERY,1999,NA,Fluoranthene,FALSE,19.4
MERY 4,MERY,1999,NA,Pyrene,FALSE,16.5
MERY 4,MERY,1999,NA,Benzo(a)Anthracene,FALSE,3.3
MERY 4,MERY,1999,NA,Chrysene,FALSE,7.6
MERY 4,MERY,1999,NA,Benzo(b+k)fluoranthene,NA,NA
MERY 4,MERY,1999,NA,Benzo(b)Fluoranthene,TRUE,8
MERY 4,MERY,1999,NA,Benzo(k)Fluoranthene,TRUE,2
MERY 4,MERY,1999,NA,Benzo(e)Pyrene,FALSE,6.6
MERY 4,MERY,1999,NA,Benzo(a)Pyrene,TRUE,3
MERY 4,MERY,1999,NA,Perylene,FALSE,12.3
MERY 4,MERY,1999,NA,"Indeno(1,2,3-cd)Pyrene",TRUE,4
MERY 4,MERY,1999,NA,"Dibenzo(a,h)Anthracene",TRUE,4
MERY 4,MERY,1999,NA,"Benzo(g,h,i)Perylene",FALSE,2.9
MERY 4,MERY,1999,NA,Total,FALSE,80
MERY 4_Replicate,MERY,1999,NA,Naphthalene,FALSE,8.2
MERY 4_Replicate,MERY,1999,NA,1-MethylNaphthalene,FALSE,3.9
MERY 4_Replicate,MERY,1999,NA,2-MethylNaphthalene,FALSE,7
MERY 4_Replicate,MERY,1999,NA,Biphenyl,TRUE,3
MERY 4_Replicate,MERY,1999,NA,"2,6-DiMethylNaphthalene",TRUE,4
MERY 4_Replicate,MERY,1999,NA,Acenaphthylene,TRUE,4
MERY 4_Replicate,MERY,1999,NA,Acenaphthene,TRUE,4
MERY 4_Replicate,MERY,1999,NA,"2,3,5-TriMethylNaphthalene",TRUE,3
MERY 4_Replicate,MERY,1999,NA,Fluorene,TRUE,4
MERY 4_Replicate,MERY,1999,NA,Phenanthrene,FALSE,2.2
MERY 4_Replicate,MERY,1999,NA,Anthracene,TRUE,2
MERY 4_Replicate,MERY,1999,NA,1-MethylPhenanthrene,TRUE,4
MERY 4_Replicate,MERY,1999,NA,Fluoranthene,FALSE,16.7
MERY 4_Replicate,MERY,1999,NA,Pyrene,FALSE,14.5
MERY 4_Replicate,MERY,1999,NA,Benzo(a)Anthracene,FALSE,3
MERY 4_Replicate,MERY,1999,NA,Chrysene,FALSE,6.6
MERY 4_Replicate,MERY,1999,NA,Benzo(b+k)fluoranthene,NA,NA
MERY 4_Replicate,MERY,1999,NA,Benzo(b)Fluoranthene,TRUE,8
MERY 4_Replicate,MERY,1999,NA,Benzo(k)Fluoranthene,FALSE,2.8
MERY 4_Replicate,MERY,1999,NA,Benzo(e)Pyrene,FALSE,5.6
MERY 4_Replicate,MERY,1999,NA,Benzo(a)Pyrene,TRUE,3
MERY 4_Replicate,MERY,1999,NA,Perylene,FALSE,11.1
MERY 4_Replicate,MERY,1999,NA,"Indeno(1,2,3-cd)Pyrene",TRUE,4
MERY 4_Replicate,MERY,1999,NA,"Dibenzo(a,h)Anthracene",TRUE,4
MERY 4_Replicate,MERY,1999,NA,"Benzo(g,h,i)Perylene",FALSE,2.5
MERY 4_Replicate,MERY,1999,NA,Total,FALSE,84
